relative_time_0,packet_length_0,relative_time_1,packet_length_1,relative_time_2,packet_length_2,relative_time_3,packet_length_3,relative_time_4,packet_length_4,label
0,194,5.60E-05,720,0.000109,721,0.000145,162,0.000202,832,Discord_video
0,47,3.30E-05,47,6.60E-05,47,0.00017,47,0.001286,47,Discord_video
0,206,2.80E-05,80,7.70E-05,1122,0.000128,1122,0.000177,1122,Discord_video
0,221,4.30E-05,851,0.000101,213,0.000645,850,0.00067,188,Discord_video
0,80,8.30E-05,1134,0.000155,1134,0.000207,1134,0.000256,1134,Discord_video
0,836,0.000712,839,0.0012,832,0.001715,809,0.002223,819,Discord_video
0,47,0.000137,47,0.000717,47,0.001117,47,0.001151,47,Discord_video
0,632,2.10E-05,612,3.60E-05,273,6.90E-05,1242,0.000108,1242,Discord_video
0,226,2.00E-05,80,7.60E-05,1137,0.000116,1137,0.000151,1137,Discord_video
0,225,3.50E-05,80,6.40E-05,972,9.90E-05,973,0.000129,973,Discord_video
0,224,0.000115,80,0.000151,1210,0.000181,1210,0.000212,1210,Discord_video
0,80,3.00E-05,1139,5.60E-05,1139,0.997273,80,0.997606,1172,Discord_video
0,194,2.60E-05,700,4.80E-05,700,0.000102,702,0.000134,702,Discord_video
0,47,0.000401,47,0.000431,47,0.000862,47,0.001096,47,Discord_video
0,80,2.90E-05,1119,7.20E-05,1119,0.000222,1119,0.00025,1119,Discord_video
0,80,5.40E-05,1056,0.00015,1056,0.000393,1057,0.000419,1057,Discord_video
0,80,2.90E-05,1053,6.30E-05,1053,9.30E-05,1053,0.000412,80,Discord_video
0,80,3.10E-05,1180,6.20E-05,1180,9.20E-05,1180,0.000122,1180,Discord_video
0,194,6.70E-05,1203,0.000153,1203,0.000224,1203,0.000292,1203,Discord_video
0,47,0.000354,47,0.000765,47,0.001302,47,0.00205,47,Discord_video
0,827,0.000755,793,0.000792,802,0.001744,767,0.004155,774,Discord_video
0,80,6.60E-05,1191,0.000133,1191,0.000201,1191,0.000268,1191,Discord_video
0,80,4.70E-05,1139,8.10E-05,1139,0.000115,1139,0.000149,1139,Discord_video
0,80,0.000556,866,0.000647,80,0.001033,723,0.00539,80,Discord_video
0,907,0.000712,80,0.000747,931,0.000779,931,0.00081,931,Discord_video
0,80,0.000125,1174,0.000174,1174,0.000218,1174,0.000258,1174,Discord_video
0,676,0.00098,634,0.00102,677,0.001738,640,0.002307,602,Discord_video
0,80,5.20E-05,1211,0.000114,1211,0.000167,1211,0.000241,1211,Discord_video
0,599,0.000552,653,0.00058,664,0.001448,748,0.00215,711,Discord_video
0,80,6.30E-05,1208,0.000105,1208,0.000154,1208,0.000191,1208,Discord_video
0,194,2.90E-05,665,7.40E-05,665,0.000153,162,0.000205,756,Discord_video
0,610,4.50E-05,632,7.00E-05,612,9.00E-05,281,0.00014,1242,Discord_video
0,233,0.000109,225,0.000125,80,0.000156,1174,0.000194,1174,Discord_video
0,80,3.00E-05,1108,5.80E-05,1108,0.000559,225,0.0006,80,Discord_video
0,80,9.30E-05,1148,0.000135,1149,0.000163,1149,0.00019,1149,Discord_video
0,80,2.60E-05,1166,8.50E-05,1167,0.00011,1167,0.00133,80,Discord_video
0,194,5.50E-05,719,0.000109,719,0.000161,703,0.000214,705,Discord_video
0,610,7.10E-05,632,0.000285,612,0.000784,895,0.000876,612,Discord_video
0,102,0.000554,793,0.000574,47,0.00061,47,0.001019,765,Discord_video
0,80,4.30E-05,1142,8.20E-05,1142,0.000119,1142,0.000156,1142,Discord_video
0,194,0.000515,190,0.00055,858,0.000591,184,0.000985,836,Discord_video
0,47,1.70E-05,80,9.50E-05,1099,0.000136,1099,0.000173,1099,Discord_video
0,194,5.40E-05,690,0.000106,691,0.000179,826,0.000237,828,Discord_video
0,47,0.001548,47,0.002217,47,0.002872,47,0.002969,47,Discord_video
0,80,4.90E-05,1203,9.50E-05,1203,0.000143,1203,0.000192,1203,Discord_video
0,80,0.000278,1171,0.00033,1171,0.000411,1171,0.000569,1171,Discord_video
0,113,0.000268,80,0.000622,1148,0.000714,1149,0.000743,1149,Discord_video
0,80,3.20E-05,1162,0.000157,1162,0.000205,1162,0.000237,1162,Discord_video
0,80,0.00024,1189,0.000352,1189,0.000411,1189,0.00047,80,Discord_video
0,107,0.00021,116,0.000304,165,0.000659,227,0.000756,231,Discord_video
0,80,4.10E-05,1061,8.00E-05,1061,0.000116,1061,0.000152,1061,Discord_video
0,80,8.90E-05,1203,0.000131,1203,0.00017,1203,0.00104,80,Discord_video
0,47,9.30E-05,47,0.00029,47,0.000799,47,0.000989,47,Discord_video
0,80,6.70E-05,1187,0.000134,1187,0.000208,1187,0.000276,1187,Discord_video
0,1078,0.00061,1157,0.001018,1135,0.001637,1191,0.002091,1117,Discord_video
0,47,0.001729,47,0.002367,47,0.002398,47,0.00374,47,Discord_video
0,103,7.90E-05,103,0.000154,133,0.000196,195,0.000235,238,Discord_video
0,107,2.00E-05,102,4.20E-05,198,6.50E-05,237,8.50E-05,223,Discord_video
0,221,2.30E-05,80,0.000116,1124,0.000163,1124,0.000209,1124,Discord_video
0,1065,4.80E-05,1067,0.000328,80,0.000368,765,0.000409,765,Discord_video
0,47,5.10E-05,47,0.000595,47,0.00123,47,0.001597,47,Discord_video
0,80,3.40E-05,781,6.90E-05,782,0.000436,80,0.000461,742,Discord_video
0,80,0.000214,1098,0.000243,1098,0.000273,1098,0.000303,1098,Discord_video
0,47,1.70E-05,47,1.000839,47,1.000889,47,1.001487,47,Discord_video
0,47,1.80E-05,47,0.000164,47,0.000181,47,0.000204,47,Discord_video
0,103,4.20E-05,102,5.90E-05,155,0.000179,222,0.000198,228,Discord_video
0,47,0.002005,47,0.002032,47,0.002058,47,0.002139,47,Discord_video
0,80,4.20E-05,1183,8.80E-05,1184,0.000133,1184,0.000175,1184,Discord_video
0,80,0.000426,1160,0.000473,1160,0.000523,1160,0.000585,1160,Discord_video
0,47,0.00029,47,0.000461,47,0.000493,47,0.000531,47,Discord_video
0,80,3.70E-05,1179,7.40E-05,1179,0.000113,1179,0.00015,1180,Discord_video
0,227,0.000137,217,0.001196,210,0.002175,200,0.002362,209,Discord_video
0,80,8.20E-05,1131,0.000137,1131,0.000188,1131,0.000236,1131,Discord_video
0,1170,2.10E-05,72,5.90E-05,1172,9.20E-05,735,0.000132,1172,Discord_video
0,80,3.40E-05,1131,6.50E-05,1131,0.000101,1132,0.000134,1132,Discord_video
0,80,3.40E-05,1010,6.20E-05,1010,9.10E-05,1010,0.000121,1010,Discord_video
0,80,8.50E-05,1184,0.000142,1184,0.000245,1184,0.00032,1184,Discord_video
0,136,0.001153,80,0.001252,1180,0.001323,1180,0.00139,1180,Discord_video
0,194,0.000184,733,0.00023,733,0.000273,162,0.000381,847,Discord_video
0,610,5.10E-05,632,0.000161,612,0.000242,74,0.000364,1242,Discord_video
0,80,4.40E-05,1206,9.90E-05,1206,0.000138,1206,0.000157,47,Discord_video
0,80,3.40E-05,1112,8.20E-05,1112,0.00012,1112,0.000161,1112,Discord_video
0,80,0.000344,944,0.000653,212,0.001154,209,0.001178,80,Discord_video
0,220,0.000183,80,0.000265,1160,0.000328,1160,0.000367,1160,Discord_video
0,194,6.90E-05,725,0.00011,725,0.000151,727,0.000268,735,Discord_video
0,610,0.000143,745,0.000237,612,0.000323,745,0.000622,612,Discord_video
0,80,2.80E-05,1119,6.20E-05,1119,9.20E-05,1119,0.000122,1119,Discord_video
0,223,4.40E-05,80,0.000105,1116,0.000135,1116,0.000155,220,Discord_video
0,80,2.90E-05,1169,5.80E-05,1169,8.70E-05,1169,0.000115,1169,Discord_video
0,225,5.60E-05,998,7.40E-05,224,0.000296,228,0.000321,947,Discord_video
0,194,0.000196,718,0.000271,719,0.000298,162,0.000327,811,Discord_video
0,799,2.20E-05,443,5.00E-05,801,7.70E-05,763,0.000109,1242,Discord_video
0,234,0.00012,80,0.000156,1183,0.000189,1183,0.000216,1184,Discord_video
0,80,3.90E-05,1162,7.70E-05,1162,0.000414,80,0.000468,1116,Discord_video
0,221,0.000843,80,0.000882,1192,0.000912,1193,0.00096,1193,Discord_video
0,80,2.40E-05,894,0.0002,895,0.001227,80,0.001256,1197,Discord_video
0,80,4.30E-05,1200,7.40E-05,1200,0.000108,1200,0.000195,1201,Discord_video
0,730,4.40E-05,732,8.50E-05,732,0.000131,732,0.000279,732,Discord_video
0,190,2.00E-05,80,0.000152,1134,0.003005,192,0.003025,80,Discord_video
0,80,3.10E-05,1203,0.000301,1204,0.001224,1204,0.001599,1204,Discord_video
0,649,0.000271,693,0.000659,692,0.001058,716,0.001456,699,Discord_video
0,80,5.70E-05,1097,8.80E-05,1097,0.000113,1097,0.000139,1097,Discord_video
0,194,9.50E-05,762,0.000197,762,0.000267,857,0.000434,859,Discord_video
0,47,4.20E-05,47,7.60E-05,47,0.000107,47,0.000701,47,Discord_video
0,883,1.40E-05,110,0.000293,109,0.000314,787,0.000413,103,Discord_video
0,80,2.60E-05,1196,5.10E-05,1196,7.70E-05,1196,0.000102,1196,Discord_video
0,1075,0.00041,1062,0.000818,1013,0.001194,1023,0.00151,952,Discord_video
0,80,3.60E-05,1195,7.10E-05,1195,0.000106,1195,0.000143,1195,Discord_video
0,194,2.30E-05,685,4.70E-05,686,6.30E-05,162,8.50E-05,789,Discord_video
0,47,1.30E-05,47,0.000114,47,0.000338,47,1.000887,47,Discord_video
0,244,0.000203,252,0.000266,80,0.0003,1110,0.000335,1111,Discord_video
0,155,2.10E-05,80,6.90E-05,1099,0.00011,1099,0.000179,226,Discord_video
0,80,2.60E-05,1108,5.40E-05,1108,8.00E-05,1108,0.000106,1108,Discord_video
0,220,1.40E-05,80,4.10E-05,1136,6.80E-05,1136,0.000162,235,Discord_video
0,1213,9.40E-05,1213,0.000222,731,0.000349,1213,0.000478,1213,Discord_video
0,47,0.000231,47,0.000495,47,0.0009,47,0.00125,47,Discord_video
0,80,0.000101,1167,0.000173,1167,0.000241,1167,0.000343,1167,Discord_video
0,944,0.000138,927,0.001858,80,0.001922,646,0.001983,646,Discord_video
0,80,2.70E-05,1142,5.50E-05,1142,8.10E-05,1142,0.000109,1142,Discord_video
0,80,2.20E-05,658,4.50E-05,659,1.000816,80,1.000876,1186,Discord_video
0,47,5.20E-05,47,0.000161,47,0.000186,47,0.000205,47,Discord_video
0,103,2.70E-05,103,0.000222,130,0.000247,140,0.000345,175,Discord_video
0,47,0.00028,47,0.000413,47,0.000998,47,0.001018,47,Discord_video
0,80,0.000145,1010,0.000181,1010,0.000807,80,0.000842,1020,Discord_video
0,80,3.50E-05,1187,7.10E-05,1187,0.000109,1187,0.000144,1187,Discord_video
0,47,9.40E-05,47,0.000669,47,0.000688,47,0.001223,47,Discord_video
0,220,0.00045,198,0.000681,198,0.001347,228,0.001495,225,Discord_video
0,80,3.30E-05,1121,6.30E-05,1121,9.30E-05,1121,0.000122,1121,Discord_video
0,80,0.000101,1155,0.000177,1155,0.000246,1155,0.000315,1156,Discord_video
0,630,6.50E-05,681,0.000135,1242,0.000187,630,0.0003,630,Discord_video
0,80,4.00E-05,1166,7.60E-05,1166,0.000148,1166,0.000189,1167,Discord_video
0,80,5.50E-05,662,0.000812,1136,0.001755,80,0.001809,658,Discord_video
0,80,7.10E-05,1192,0.00014,1192,0.000208,1192,0.000276,1192,Discord_video
0,80,0.000111,752,0.000212,80,0.000261,638,0.000335,639,Discord_video
0,47,0.000177,47,0.000309,47,0.000329,47,0.000346,47,Discord_video
0,101,0.000101,102,0.000143,180,0.000219,218,0.000604,193,Discord_video
0,1068,0.000852,1131,0.000916,1054,0.001475,1098,0.00226,1085,Discord_video
0,80,2.60E-05,1149,5.40E-05,1150,8.10E-05,1150,0.000166,1150,Discord_video
0,80,1.30E-05,1071,0.000129,1071,0.000141,1071,0.000154,1071,Discord_video
0,80,1.50E-05,1167,3.00E-05,1167,4.30E-05,1167,5.70E-05,1168,Discord_video
0,194,2.60E-05,704,5.00E-05,705,7.30E-05,723,9.70E-05,725,Discord_video
0,215,1.70E-05,224,0.000228,176,0.000549,132,0.000749,610,Discord_video
0,80,4.20E-05,1100,8.30E-05,1100,0.000113,1100,0.000304,1101,Discord_video
0,80,3.20E-05,1014,6.10E-05,1014,9.10E-05,1014,0.000337,80,Discord_video
0,221,2.90E-05,80,5.60E-05,1112,8.30E-05,1112,0.000108,1112,Discord_video
0,221,0.000209,80,0.000333,1189,0.000381,210,0.000466,205,Discord_video
0,194,5.40E-05,756,0.000107,756,0.000144,162,0.000202,867,Discord_video
0,610,0.000145,632,0.000185,612,0.000247,618,0.000301,1242,Discord_video
0,80,0.000261,1028,0.000299,1029,0.000357,1029,0.000398,1029,Discord_video
0,80,6.40E-05,809,0.000104,809,0.000189,80,0.000253,834,Discord_video
0,910,0.001046,797,0.001767,821,0.001911,781,0.003317,836,Discord_video
0,80,4.00E-05,1155,0.000315,1155,0.000346,1155,0.000378,1155,Discord_video
0,194,2.90E-05,716,0.000364,717,0.000384,162,0.000419,802,Discord_video
0,47,1.50E-05,47,0.002587,47,0.002653,47,0.004303,47,Discord_video
0,80,4.60E-05,1166,9.20E-05,1166,0.000147,1166,0.000199,1166,Discord_video
0,827,0.000596,808,0.00128,838,0.002026,863,0.002563,866,Discord_video
0,80,5.50E-05,1175,0.000102,1175,0.000149,1175,0.000197,1175,Discord_video
0,225,0.002046,229,0.002201,861,0.003156,228,0.003248,856,Discord_video
0,943,0.000156,943,0.000201,943,0.000515,80,0.000866,970,Discord_video
0,80,4.60E-05,1120,9.40E-05,1120,0.000133,1120,0.000173,1120,Discord_video
0,678,0.00048,618,0.000503,625,0.001071,636,0.001706,578,Discord_video
0,80,2.90E-05,1157,5.90E-05,1157,8.80E-05,1157,0.000116,1157,Discord_video
0,858,0.000456,895,0.001283,937,0.001904,781,0.001995,726,Discord_video
0,80,3.80E-05,1095,7.50E-05,1095,0.000152,1095,0.000219,1095,Discord_video
0,194,2.70E-05,717,6.70E-05,717,8.70E-05,162,0.000114,819,Discord_video
0,610,0.000128,632,0.000153,612,0.000187,1242,0.000258,612,Discord_video
0,80,3.80E-05,1160,8.10E-05,1161,0.000142,1161,0.000186,1161,Discord_video
0,102,3.10E-05,858,0.000202,138,0.000775,227,0.000811,849,Discord_video
0,1155,4.10E-05,1155,0.000601,211,0.000983,80,0.001894,1131,Discord_video
0,80,7.70E-05,1099,0.000104,1099,0.000129,1099,0.00023,1099,Discord_video
0,1083,0.000173,1083,0.000271,1083,0.00038,80,0.000511,1163,Discord_video
0,437,0.000121,805,0.000202,439,0.000428,888,0.000537,1242,Discord_video
0,110,5.40E-05,80,0.000517,958,0.000589,958,0.000614,101,Discord_video
0,80,3.80E-05,1119,7.40E-05,1119,0.000112,1119,0.00015,1119,Discord_video
0,80,3.90E-05,1187,7.70E-05,1187,0.000115,1187,0.000153,1187,Discord_video
0,80,3.80E-05,1004,7.30E-05,1004,0.000108,1004,0.000143,1004,Discord_video
0,47,7.90E-05,47,9.80E-05,47,0.000115,47,0.000132,47,Discord_video
0,102,7.90E-05,102,0.00011,155,0.000146,155,0.000173,149,Discord_video
0,47,7.20E-05,47,0.000367,47,0.001635,47,0.001673,47,Discord_video
0,80,4.00E-05,1178,7.60E-05,1178,0.000111,1178,0.000151,1178,Discord_video
0,80,0.000105,1076,0.000144,1076,0.000207,80,0.000251,1203,Discord_video
0,47,0.000834,47,0.003035,47,0.003058,47,0.00308,47,Discord_video
0,80,5.70E-05,1123,8.50E-05,1123,0.00011,1123,0.000158,1123,Discord_video
0,137,2.00E-05,137,4.10E-05,183,6.00E-05,201,8.60E-05,206,Discord_video
0,47,2.00E-05,47,0.000153,47,0.000173,47,0.000269,47,Discord_video
0,184,5.10E-05,655,0.000101,656,0.000168,1128,0.000241,1130,Discord_video
0,80,3.80E-05,1163,9.10E-05,1163,0.000231,1163,0.00027,1163,Discord_video
0,80,3.70E-05,1048,0.000129,1049,0.000164,1049,0.000209,1049,Discord_video
0,47,7.00E-05,47,8.70E-05,47,0.001637,47,0.001654,47,Discord_video
0,80,3.40E-05,1163,6.90E-05,1163,0.000104,1163,0.000138,1164,Discord_video
0,80,3.10E-05,857,6.10E-05,857,8.00E-05,80,0.000155,734,Discord_video
0,47,0.000936,47,0.000974,47,0.000993,47,0.001774,47,Discord_video
0,80,0.000351,1207,0.000435,1207,0.000525,1207,0.000614,1208,Discord_video
0,569,0.000925,554,0.001773,608,0.002948,564,0.003663,527,Discord_video
0,690,0.000709,80,0.000971,1111,0.000999,1111,0.001028,1111,Discord_video
0,80,4.10E-05,1192,7.40E-05,1192,0.000103,1192,0.000133,1192,Discord_video
0,593,0.000535,80,0.000569,1114,0.000606,1114,0.000653,1114,Discord_video
0,80,4.30E-05,1187,8.00E-05,1187,0.000116,1187,0.000151,1187,Discord_video
0,47,4.70E-05,47,0.000329,47,0.000654,47,0.000767,47,Discord_video
0,611,2.60E-05,631,5.80E-05,613,0.000137,631,0.00017,613,Discord_video
0,102,0.000319,80,0.000476,1200,0.00054,1200,0.000593,1200,Discord_video
0,80,0.000205,1118,0.000252,234,0.001603,213,0.001631,80,Discord_video
0,47,0.000267,80,0.000294,1139,0.000322,1139,0.000349,1139,Discord_video
0,80,5.30E-05,938,7.80E-05,938,0.000676,80,0.00092,907,Discord_video
0,194,5.70E-05,697,0.00011,697,0.000149,162,0.00028,806,Discord_video
0,47,2.10E-05,47,3.90E-05,47,5.90E-05,47,0.00028,47,Discord_video
0,80,3.20E-05,1187,6.40E-05,1187,9.60E-05,1187,0.000128,1187,Discord_video
0,80,3.10E-05,1168,6.30E-05,1168,0.000261,1169,0.000294,1169,Discord_video
0,80,2.90E-05,1163,0.000115,1163,0.000155,1164,0.0002,1164,Discord_video
0,80,4.90E-05,1171,0.000566,1172,0.000593,1172,0.000653,1172,Discord_video
0,47,3.30E-05,47,0.000221,47,0.00031,47,0.000346,47,Discord_video
0,103,2.30E-05,103,5.60E-05,106,8.10E-05,194,0.000106,239,Discord_video
0,80,4.10E-05,936,8.30E-05,937,0.000125,937,0.000189,937,Discord_video
0,224,2.00E-05,225,3.70E-05,80,0.000531,1162,0.000578,1162,Discord_video
0,47,0.001255,47,0.00182,47,0.001889,47,0.003127,47,Discord_video
0,80,8.40E-05,1159,0.000154,1159,0.000224,1159,0.000303,1159,Discord_video
0,80,6.10E-05,650,0.000175,651,0.000307,80,0.00037,696,Discord_video
0,47,0.000765,47,0.000782,47,0.001212,47,0.001261,47,Discord_video
0,47,2.20E-05,47,4.40E-05,47,6.70E-05,47,8.90E-05,47,Discord_video
0,102,1.00E-04,102,0.000171,120,0.001293,102,0.001401,102,Discord_video
0,47,0.00049,47,0.000808,47,0.000828,47,0.000847,47,Discord_video
0,80,6.80E-05,1180,0.000133,1180,0.00017,1180,0.000205,1181,Discord_video
0,133,0.000841,136,0.00133,210,0.001385,218,0.002344,207,Discord_video
0,47,0.000256,47,0.000282,47,0.000343,47,0.00051,47,Discord_video
0,80,3.40E-05,1003,6.60E-05,1004,0.014761,80,0.014791,1003,Discord_video
0,103,5.10E-05,103,9.40E-05,131,0.00014,220,0.00019,232,Discord_video
0,194,2.80E-05,720,5.60E-05,721,7.50E-05,162,0.000105,838,Discord_video
0,610,5.20E-05,632,0.0001,612,0.00014,318,0.000213,1242,Discord_video
0,219,0.000325,699,0.00034,227,0.00038,226,0.0004,669,Discord_video
0,80,2.70E-05,1212,5.40E-05,1212,0.000108,1212,0.000135,1212,Discord_video
0,80,2.40E-05,1110,4.70E-05,1110,7.10E-05,1110,9.50E-05,1111,Discord_video
0,796,0.000372,809,0.000843,828,0.995271,815,0.99614,801,Discord_video
0,194,2.60E-05,695,5.30E-05,695,6.90E-05,162,9.30E-05,798,Discord_video
0,589,2.20E-05,653,4.60E-05,591,0.000107,1242,0.000127,591,Discord_video
0,103,3.40E-05,975,0.000474,102,0.000507,977,0.000528,204,Discord_video
0,80,3.60E-05,1144,7.20E-05,1144,0.000106,1144,0.000142,1144,Discord_video
0,1051,5.50E-05,1068,0.005629,1052,0.006463,1073,0.00656,1048,Discord_video
0,80,5.50E-05,1148,0.000111,1148,0.000166,1148,0.000222,1148,Discord_video
0,162,6.70E-05,699,0.00016,699,0.000353,701,0.000573,701,Discord_video
0,47,5.80E-05,47,0.000321,47,0.000987,47,0.001038,47,Discord_video
0,80,3.30E-05,1135,6.70E-05,1135,0.000102,1135,0.000153,1135,Discord_video
0,80,3.50E-05,1152,6.90E-05,1152,0.000105,1152,0.000139,1152,Discord_video
0,47,0.000253,80,0.00028,1152,0.000306,1152,0.000332,1152,Discord_video
0,47,1.30E-05,80,3.80E-05,1200,6.40E-05,1200,0.000129,1200,Discord_video
0,47,0.000114,47,0.000133,47,0.000157,47,0.00024,47,Discord_video
0,135,2.20E-05,148,0.000721,217,0.000765,227,0.002387,234,Discord_video
0,47,1.50E-05,80,4.80E-05,1189,8.10E-05,1190,0.000112,1190,Discord_video
0,80,5.20E-05,884,7.80E-05,884,9.40E-05,119,0.000155,47,Discord_video
0,120,1.70E-05,80,5.40E-05,1147,9.70E-05,1147,0.000133,1147,Discord_video
0,80,6.30E-05,876,0.000437,876,0.000596,80,0.000634,1208,Discord_video
0,194,2.90E-05,691,0.00022,692,0.000247,734,0.000277,736,Discord_video
0,47,0.000104,47,0.00014,47,0.000574,47,0.000979,47,Discord_video
0,80,3.40E-05,1150,6.80E-05,1150,0.000103,1150,0.000136,1150,Discord_video
0,215,9.00E-05,207,0.000108,80,0.000141,1028,0.000173,1028,Discord_video
0,983,0.001847,1117,0.001912,999,0.002606,1044,0.002633,919,Discord_video
0,80,8.40E-05,1115,0.000124,1115,0.000193,1115,0.000237,1115,Discord_video
0,47,1.50E-05,47,4.90E-05,47,0.000306,47,0.000322,47,Discord_voice
0,102,0.000333,101,0.000669,158,0.000795,223,0.000887,222,Discord_voice
0,47,2.50E-05,47,4.40E-05,47,23.071486,103,23.071511,102,Discord_voice
0,103,3.50E-05,103,6.90E-05,103,0.00011,166,0.000153,198,Discord_voice
0,47,0.000104,47,0.000117,47,0.000235,47,0.000248,47,Discord_voice
0,103,4.00E-05,103,0.000122,140,0.000229,194,0.000453,176,Discord_voice
0,47,2.70E-05,47,4.40E-05,47,5.90E-05,47,0.000198,47,Discord_voice
0,102,0.000466,112,0.000574,189,0.000724,235,0.000808,238,Discord_voice
0,114,0.000123,185,0.00016,220,0.000234,215,0.000323,218,Discord_voice
0,103,5.20E-05,103,0.00012,102,0.000163,162,0.000251,239,Discord_voice
0,103,3.60E-05,103,7.30E-05,103,0.00011,103,0.000146,103,Discord_voice
0,153,3.70E-05,149,7.20E-05,160,0.000109,162,0.000146,173,Discord_voice
0,47,0.000151,47,0.000247,47,0.000289,47,0.000323,47,Discord_voice
0,47,4.90E-05,47,0.000332,47,0.000553,47,0.00105,47,Discord_voice
0,47,2.004319,118,2.004411,125,2.004474,171,2.004507,204,Discord_voice
0,164,2.30E-05,170,4.90E-05,207,7.00E-05,220,9.20E-05,186,Discord_voice
0,223,3.90E-05,220,0.000151,203,0.000189,211,0.000225,214,Discord_voice
0,103,5.90E-05,103,9.80E-05,105,0.000139,168,0.000192,191,Discord_voice
0,47,0.000301,47,0.00044,47,0.000513,47,0.000541,47,Discord_voice
0,47,3.10E-05,47,6.20E-05,47,9.30E-05,47,0.000123,47,Discord_voice
0,102,2.80E-05,102,6.20E-05,138,8.10E-05,162,0.000423,187,Discord_voice
0,125,0.000121,122,0.000314,170,1.002494,222,1.00251,225,Discord_voice
0,47,3.00E-05,47,5.010526,103,5.010625,116,5.010759,158,Discord_voice
0,103,0.00013,102,0.00015,102,0.000171,156,0.000193,202,Discord_voice
0,47,0.000228,47,1.002378,47,1.002432,47,1.002471,47,Discord_voice
0,103,0.000134,130,0.000176,189,0.000248,207,0.000323,157,Discord_voice
0,213,3.70E-05,216,7.40E-05,224,0.000111,221,0.000147,225,Discord_voice
0,210,2.70E-05,217,5.40E-05,221,9.10E-05,213,0.000121,211,Discord_voice
0,115,2.80E-05,120,1.00018,117,1.00033,47,1.000355,47,Discord_voice
0,181,5.60E-05,195,9.10E-05,222,0.000119,219,0.000182,217,Discord_voice
0,47,3.90E-05,47,5.90E-05,47,8.00E-05,47,0.000152,47,Discord_voice
0,98,1.90E-05,113,5.70E-05,216,7.50E-05,234,9.10E-05,234,Discord_voice
0,103,3.60E-05,103,7.30E-05,47,0.000105,47,0.000138,47,Discord_voice
0,113,3.60E-05,115,7.10E-05,47,0.000104,47,0.000136,47,Discord_voice
0,212,0.000425,200,0.000626,173,0.000867,123,0.458459,212,Discord_voice
0,234,0.000168,222,0.000543,234,0.00061,218,0.458203,234,Discord_voice
0,47,3.70E-05,47,9.80E-05,47,0.000132,47,0.000177,47,Discord_voice
0,102,0.000346,102,0.000394,125,0.000449,192,0.000638,226,Discord_voice
0,229,5.30E-05,220,9.40E-05,175,0.000148,221,0.000193,221,Discord_voice
0,174,7.70E-05,193,0.000147,144,0.000267,103,0.000371,103,Discord_voice
0,103,7.70E-05,182,0.000191,227,0.000267,252,0.000307,226,Discord_voice
0,103,6.20E-05,123,0.000121,230,0.000163,224,0.00031,216,Discord_voice
0,47,5.90E-05,47,9.30E-05,47,0.000148,47,0.000167,47,Discord_voice
0,102,8.80E-05,103,0.000116,174,0.000145,201,0.000246,149,Discord_voice
0,47,0.000125,47,0.000173,47,0.000304,47,0.000378,155,Discord_voice
0,228,0.000125,224,0.000213,217,0.000316,229,0.000389,240,Discord_voice
0,107,7.30E-05,102,0.000273,102,0.000307,102,0.00034,103,Discord_voice
0,47,0.000202,47,0.824166,47,0.824418,47,1.828516,103,Discord_voice
0,220,0.0002,230,0.000229,231,0.000257,222,0.000278,211,Discord_voice
0,210,0.000371,212,0.000472,191,0.000541,213,0.000687,213,Discord_voice
0,217,4.00E-05,230,8.10E-05,219,0.000153,222,0.000229,216,Discord_voice
0,228,5.50E-05,227,0.000131,217,0.000206,221,0.000316,221,Discord_voice
0,151,3.80E-05,108,7.60E-05,102,0.000119,103,0.000229,103,Discord_voice
0,223,3.80E-05,213,7.60E-05,192,0.000118,143,0.000232,135,Discord_voice
0,47,4.60E-05,47,8.80E-05,47,0.00012,47,0.000152,47,Discord_voice
0,103,5.10E-05,112,0.000733,165,0.000938,181,0.001093,108,Discord_voice
0,47,3.10E-05,47,1.005559,102,1.005691,103,1.005716,103,Discord_voice
0,223,0.000429,209,0.000469,223,0.000507,217,0.000576,198,Discord_voice
0,128,4.20E-05,151,8.20E-05,202,0.000119,209,0.000158,227,Discord_voice
0,103,9.00E-05,102,0.000222,154,0.000483,192,0.000585,161,Discord_voice
0,47,9.20E-05,47,0.000125,47,0.000157,47,0.000199,47,Discord_voice
0,221,4.50E-05,218,9.80E-05,215,0.000339,213,0.000422,207,Discord_voice
0,103,0.000172,105,0.000286,130,0.000373,140,0.000724,169,Discord_voice
0,103,2.50E-05,102,0.00021,158,0.000298,201,0.000512,198,Discord_voice
0,102,3.80E-05,102,0.000111,108,0.000153,166,0.000193,211,Discord_voice
0,103,3.70E-05,102,0.000107,163,0.000153,211,0.000191,173,Discord_voice
0,47,3.20E-05,47,6.20E-05,47,0.000292,193,0.000336,226,Discord_voice
0,215,0.00011,232,0.000157,237,0.000197,215,0.000256,212,Discord_voice
0,118,0.000285,107,0.000471,103,0.00056,103,0.001113,102,Discord_voice
0,222,0.000257,210,0.000441,207,0.000593,201,0.001099,186,Discord_voice
0,232,3.80E-05,226,0.000109,227,0.00021,213,0.000247,198,Discord_voice
0,103,4.20E-05,103,8.10E-05,102,0.000122,208,0.000168,211,Discord_voice
0,47,1.70E-05,47,3.30E-05,47,4.90E-05,47,6.70E-05,47,Discord_voice
0,102,9.80E-05,102,0.000461,163,0.000501,219,0.00056,223,Discord_voice
0,213,2.80E-05,212,6.70E-05,220,9.50E-05,226,0.000291,218,Discord_voice
0,127,8.30E-05,186,0.000123,220,0.000162,193,0.000206,185,Discord_voice
0,228,0.000246,209,0.000281,206,0.000351,219,0.001728,215,Discord_voice
0,103,5.30E-05,175,8.50E-05,225,0.000114,210,0.000193,200,Discord_voice
0,47,2.60E-05,47,9.70E-05,47,0.000127,47,0.000144,47,Discord_voice
0,126,1.60E-05,168,7.00E-05,218,0.000103,232,0.000215,227,Discord_voice
0,112,5.90E-05,191,8.30E-05,210,0.000117,170,0.000139,169,Discord_voice
0,149,3.90E-05,105,7.30E-05,103,0.000143,124,0.000272,199,Discord_voice
0,106,5.80E-05,109,7.90E-05,147,9.80E-05,208,0.000244,230,Discord_voice
0,127,3.80E-05,164,0.00025,187,0.00034,212,0.000787,208,Discord_voice
0,47,3.20E-05,47,6.40E-05,47,0.000103,47,0.000135,47,Discord_voice
0,106,0.000122,102,0.000165,144,0.000191,214,0.000218,234,Discord_voice
0,231,3.90E-05,231,7.60E-05,220,0.000216,208,0.00031,218,Discord_voice
0,102,3.40E-05,102,5.80E-05,166,8.40E-05,228,0.000106,238,Discord_voice
0,177,4.20E-05,221,7.40E-05,223,0.000135,231,0.000369,214,Discord_voice
0,211,0.000184,199,0.000249,182,0.00029,212,0.000329,206,Discord_voice
0,47,0.000118,47,0.000152,47,0.000177,47,0.0002,47,Discord_voice
0,47,0.00024,47,0.000323,47,0.000406,47,0.000537,47,Discord_voice
0,212,0.000112,218,0.00015,211,0.000225,211,0.000396,211,Discord_voice
0,193,3.70E-05,200,0.000149,183,0.000223,195,0.000437,209,Discord_voice
0,124,9.20E-05,206,0.000277,215,0.000326,186,0.000444,216,Discord_voice
0,103,0.00014,102,0.000316,102,0.000354,157,0.000637,195,Discord_voice
0,47,0.00015,47,0.000214,47,0.000232,47,0.000246,47,Discord_voice
0,47,7.20E-05,123,0.000138,219,0.0002,229,0.000626,189,Discord_voice
0,47,0.001286,102,0.001564,102,0.001919,146,0.001971,204,Discord_voice
0,103,0.000134,106,0.000229,160,0.000323,191,0.000416,221,Discord_voice
0,186,0.000324,186,0.000447,206,0.00056,209,0.000603,188,Discord_voice
0,226,0.000259,223,0.000368,226,0.000417,222,0.000484,221,Discord_voice
0,47,1.30E-05,47,2.60E-05,47,6.80E-05,47,8.20E-05,47,Discord_voice
0,216,0.000103,215,0.000377,226,0.000462,205,0.001132,211,Discord_voice
0,103,1.50E-05,103,0.000244,204,0.000263,150,0.000465,109,Discord_voice
0,102,0.000384,119,0.000408,143,0.000429,158,0.000444,107,Discord_voice
0,155,3.60E-05,115,0.000115,137,0.000215,121,0.000923,120,Discord_voice
0,103,5.00E-05,103,0.000157,153,0.000214,207,0.000325,219,Discord_voice
0,47,3.90E-05,47,7.20E-05,47,0.000102,47,0.000136,47,Discord_voice
0,103,4.70E-05,103,8.00E-05,140,0.000126,240,0.000161,241,Discord_voice
0,105,5.90E-05,103,0.000106,189,0.000155,229,0.000195,229,Discord_voice
0,203,4.40E-05,166,8.30E-05,125,0.000123,230,0.000158,224,Discord_voice
0,103,0.000171,102,0.000515,114,0.000594,200,0.000652,220,Discord_voice
0,222,2.80E-05,226,4.50E-05,223,6.20E-05,220,7.80E-05,236,Discord_voice
0,47,4.50E-05,47,7.20E-05,47,0.000127,47,0.000164,47,Discord_voice
0,47,3.00E-05,47,5.30E-05,47,0.000209,47,0.00025,47,Discord_voice
0,199,1.001285,123,1.001367,119,1.001438,129,1.001459,108,Discord_voice
0,135,7.30E-05,107,0.00015,120,0.000174,118,0.00026,107,Discord_voice
0,141,0.000145,234,0.000168,225,0.000208,233,0.000368,226,Discord_voice
0,155,0.00017,206,0.000209,212,0.000229,223,0.000402,229,Discord_voice
0,47,3.40E-05,47,0.000108,47,0.000142,47,0.000176,47,Discord_voice
0,102,0.000403,114,0.000489,187,0.000559,229,0.000628,227,Discord_voice
0,230,5.30E-05,222,9.40E-05,222,0.000142,218,0.000281,221,Discord_voice
0,209,3.10E-05,216,9.20E-05,217,0.000165,229,0.000197,234,Discord_voice
0,233,8.60E-05,218,0.000123,222,0.000248,213,0.000477,217,Discord_voice
0,206,4.50E-05,229,0.000446,225,0.000494,212,0.000833,223,Discord_voice
0,47,5.10E-05,47,7.40E-05,47,9.20E-05,47,0.000132,47,Discord_voice
0,103,8.50E-05,135,0.0002,182,0.000364,220,0.000422,237,Discord_voice
0,219,0.000106,220,0.000147,243,0.000194,227,0.00036,223,Discord_voice
0,103,9.50E-05,103,0.000137,189,0.000214,240,0.000256,224,Discord_voice
0,228,1.90E-05,224,3.80E-05,219,7.70E-05,230,9.70E-05,227,Discord_voice
0,103,4.70E-05,103,0.000149,129,0.000261,165,0.000411,227,Discord_voice
0,47,2.10E-05,47,0.000596,47,0.000634,47,0.000677,47,Discord_voice
0,208,0.000222,216,0.000266,177,0.000352,203,0.000605,186,Discord_voice
0,102,1.60E-05,168,3.20E-05,203,4.80E-05,214,6.40E-05,233,Discord_voice
0,102,3.00E-05,103,0.000292,143,0.000408,191,0.000843,214,Discord_voice
0,103,1.40E-05,102,8.70E-05,102,0.000101,103,0.000114,103,Discord_voice
0,103,1.70E-05,103,6.80E-05,126,9.50E-05,130,0.000114,119,Discord_voice
0,47,6.80E-05,47,0.000102,47,0.000127,47,0.000153,47,Discord_voice
0,131,6.40E-05,222,1.00E-04,225,0.000281,207,0.000325,233,Discord_voice
0,47,0.000208,47,0.000261,47,0.000331,47,0.000501,47,Discord_voice
0,138,3.70E-05,176,0.000149,205,0.000196,203,0.000479,224,Discord_voice
0,241,5.70E-05,220,0.000101,216,0.000148,221,0.000186,221,Discord_voice
0,107,4.20E-05,191,6.90E-05,216,9.40E-05,228,0.000116,237,Discord_voice
0,47,1.90E-05,47,6.30E-05,47,8.20E-05,47,0.000122,47,Discord_voice
0,203,2.10E-05,206,6.80E-05,211,8.90E-05,214,0.000128,205,Discord_voice
0,103,4.00E-05,103,8.20E-05,176,0.00014,226,0.000188,230,Discord_voice
0,103,4.10E-05,105,8.30E-05,197,0.000148,234,0.000213,231,Discord_voice
0,107,1.001905,103,1.001961,140,1.002005,224,1.002046,219,Discord_voice
0,103,6.60E-05,119,1.001364,163,1.001474,216,1.001555,171,Discord_voice
0,47,8.70E-05,47,0.000132,47,0.000324,47,0.000357,47,Discord_voice
0,47,0.000309,105,0.000485,192,0.000546,228,0.000586,226,Discord_voice
0,47,0.000152,47,0.000445,47,0.000491,47,0.000539,47,Discord_voice
0,103,0.000271,103,0.000343,103,0.00039,103,0.000429,103,Discord_voice
0,102,5.80E-05,102,0.000247,47,0.000288,47,0.000325,47,Discord_voice
0,217,0.000168,210,0.000232,192,0.000271,184,0.000307,153,Discord_voice
0,47,4.90E-05,47,7.40E-05,47,0.000104,47,0.000127,47,Discord_voice
0,162,0.000244,215,0.000325,225,0.000374,210,0.00043,182,Discord_voice
0,206,5.20E-05,235,0.000115,229,0.000192,218,0.000228,211,Discord_voice
0,103,1.90E-05,128,0.000129,233,0.000151,235,0.000171,231,Discord_voice
0,220,2.20E-05,230,4.20E-05,225,7.90E-05,218,0.000105,218,Discord_voice
0,102,3.90E-05,136,7.00E-05,186,0.0001,204,0.000127,143,Discord_voice
0,47,6.90E-05,47,0.000111,47,0.000322,47,0.000366,47,Discord_voice
0,47,3.70E-05,47,0.000165,47,0.000237,47,0.000295,47,Discord_voice
0,172,0.000112,208,0.00018,202,0.000223,221,0.000267,230,Discord_voice
0,122,7.20E-05,121,0.000156,118,0.000283,121,0.000413,120,Discord_voice
0,133,3.80E-05,148,0.000224,138,0.000266,123,0.000304,127,Discord_voice
0,103,3.70E-05,103,0.000137,121,0.000178,133,0.000216,122,Discord_voice
0,47,0.001045,47,0.001425,47,0.001621,47,0.001773,47,Discord_voice
0,112,9.30E-05,168,0.000185,215,0.000226,209,0.000263,208,Discord_voice
0,108,2.60E-05,102,0.000149,132,0.000171,191,0.00035,209,Discord_voice
0,217,1.50E-05,218,3.50E-05,206,5.00E-05,191,9.50E-05,160,Discord_voice
0,141,4.30E-05,180,0.000133,221,0.000376,150,0.000413,107,Discord_voice
0,103,0.000478,103,0.00054,123,0.000618,122,0.00076,118,Discord_voice
0,47,7.70E-05,47,0.000187,47,0.000206,47,0.000276,47,Discord_voice
0,47,3.30E-05,47,0.000303,47,0.000346,47,0.000469,47,Discord_voice
0,103,6.20E-05,103,0.000112,118,0.000179,200,0.000303,237,Discord_voice
0,115,4.20E-05,144,0.000117,138,0.000165,168,0.000275,188,Discord_voice
0,102,4.00E-05,118,0.000219,174,0.000437,216,0.000519,188,Discord_voice
0,159,0.000192,107,0.0004,168,0.000746,211,0.001091,107,Discord_voice
0,47,0.000107,47,0.000278,47,0.000328,47,0.000423,47,Discord_voice
0,198,2.30E-05,160,4.40E-05,113,9.50E-05,108,0.000121,106,Discord_voice
0,220,3.90E-05,202,6.90E-05,194,0.000217,199,0.000248,203,Discord_voice
0,205,3.70E-05,202,0.000179,220,0.000216,203,0.000352,201,Discord_voice
0,47,1.30E-05,47,2.50E-05,47,3.60E-05,47,4.80E-05,47,Discord_voice
0,199,1.90E-05,177,9.20E-05,175,0.000124,172,0.000138,47,Discord_voice
0,47,1.60E-05,47,3.20E-05,47,6.80E-05,47,9.90E-05,47,Discord_voice
0,47,5.40E-05,47,7.40E-05,47,0.000935,47,0.00098,47,Discord_voice
0,103,1.90E-05,103,0.000157,102,0.000178,171,0.000199,208,Discord_voice
0,102,8.10E-05,103,0.000118,117,0.000156,170,0.000253,215,Discord_voice
0,176,0.000173,160,0.00037,109,0.00053,108,0.00092,103,Discord_voice
0,47,0.000162,47,0.000317,47,0.000357,47,0.000767,47,Discord_voice
0,47,5.80E-05,47,9.40E-05,47,0.000132,47,0.000164,47,Discord_voice
0,102,0.000607,105,0.000753,185,0.001008,227,0.001032,230,Discord_voice
0,103,3.70E-05,103,7.90E-05,132,0.000121,224,0.00016,226,Discord_voice
0,233,7.10E-05,221,0.000102,221,0.000166,203,0.000201,178,Discord_voice
0,223,0.000143,229,0.000164,228,0.000206,223,0.000228,216,Discord_voice
0,103,6.10E-05,102,8.90E-05,102,0.000177,126,0.000209,220,Discord_voice
0,47,5.30E-05,47,0.000423,47,0.000448,47,0.000467,47,Discord_voice
0,47,3.90E-05,47,0.000134,47,0.000166,47,0.000392,47,Discord_voice
0,47,0.000189,47,1.001935,47,1.001969,47,1.002098,47,Discord_voice
0,116,1.001877,107,1.001916,127,1.002046,127,1.002076,132,Discord_voice
0,47,0.000619,47,0.000725,47,0.000743,47,0.001089,47,Discord_voice
0,146,0.000208,175,0.000228,47,0.000245,47,0.000262,47,Discord_voice
0,47,0.00058,47,0.000642,47,0.000659,47,0.000672,47,Discord_voice
0,102,0.0002,138,0.000229,214,0.000256,212,0.000285,187,Discord_voice
0,103,1.30E-05,103,2.70E-05,115,4.80E-05,208,0.000385,217,Discord_voice
0,102,0.000127,104,0.000209,139,0.00035,199,0.000371,182,Discord_voice
0,103,3.30E-05,103,9.40E-05,153,0.000123,198,0.000145,193,Discord_voice
0,102,0.000496,103,0.000548,132,0.000579,140,0.000834,112,Discord_voice
0,212,0.000166,216,0.000303,224,0.000466,204,0.000679,201,Discord_voice
0,47,0.00011,47,0.000236,47,0.000519,47,0.000607,47,Discord_voice
0,106,0.000152,107,0.000266,103,0.000698,103,0.000872,102,Discord_voice
0,103,0.000121,103,0.000323,103,0.000766,103,0.000833,47,Discord_voice
0,102,3.60E-05,103,6.90E-05,103,0.000105,102,0.00014,47,Discord_voice
0,103,4.70E-05,103,8.80E-05,133,0.000128,168,0.000168,173,Discord_voice
0,47,0.000411,47,0.000458,47,0.000595,47,0.000887,47,Discord_voice
0,47,5.80E-05,47,8.50E-05,47,0.000112,47,0.000198,47,Discord_voice
0,205,4.00E-05,220,0.000131,218,0.000215,210,0.000289,235,Discord_voice
0,102,7.50E-05,124,0.00015,177,0.003763,215,0.003821,215,Discord_voice
0,204,0.000201,226,0.000249,224,0.000326,217,0.000416,218,Discord_voice
0,113,3.60E-05,120,0.000248,106,0.000325,103,0.000414,103,Discord_voice
0,47,4.00E-05,47,5.50E-05,47,6.90E-05,47,0.00016,47,Discord_voice
0,47,5.10E-05,47,0.000111,47,0.000128,47,0.000243,47,Discord_voice
0,103,0.000106,102,0.000177,102,0.00021,103,0.000276,125,Discord_voice
0,204,3.60E-05,195,0.000107,161,0.000206,107,0.000272,102,Discord_voice
0,103,0.000277,102,0.00033,128,0.000434,133,0.000491,118,Discord_voice
0,197,0.000247,189,0.00048,171,0.000804,160,0.00166,217,Discord_voice
0,47,2.60E-05,47,4.10E-05,47,5.40E-05,47,0.000125,47,Discord_voice
0,47,1.10E-05,47,3.50E-05,47,5.90E-05,47,9.30E-05,47,Discord_voice
0,181,0.000134,187,0.000157,172,0.000191,167,0.000225,157,Discord_voice
0,107,2.00E-05,47,7.80E-05,47,0.000112,47,0.000145,47,Discord_voice
0,196,3.70E-05,213,7.40E-05,206,0.000119,221,0.000158,216,Discord_voice
0,103,1.001787,103,1.001842,103,1.001926,107,1.002002,172,Discord_voice
0,47,1.80E-05,47,3.60E-05,47,7.70E-05,47,9.30E-05,47,Discord_voice
0,103,7.90E-05,102,0.000129,164,0.000213,233,0.000243,221,Discord_voice
0,158,4.50E-05,118,8.60E-05,196,0.000147,220,0.000408,212,Discord_voice
0,194,0.000333,179,0.00039,188,0.000647,195,0.000724,179,Discord_voice
0,117,0.000117,116,0.00021,1201,0.000251,115,0.000535,793,GoogleMeet_video
0,696,0.00017,713,0.001294,81,0.002705,821,0.003842,258,GoogleMeet_video
0,103,7.80E-05,304,0.00012,111,0.000195,115,0.000237,281,GoogleMeet_video
0,794,0.99885,77,1.004469,983,1.006757,181,1.009884,680,GoogleMeet_video
0,1051,4.40E-05,1051,0.000121,1048,0.000176,794,0.000242,792,GoogleMeet_video
0,717,0.000627,733,0.003703,87,0.006991,817,0.008242,107,GoogleMeet_video
0,340,0.000115,118,0.000172,285,0.000212,114,0.000289,115,GoogleMeet_video
0,905,0.002864,102,0.003807,709,0.005014,281,0.005871,666,GoogleMeet_video
0,710,2.20E-05,727,0.001702,81,0.002335,792,0.003878,103,GoogleMeet_video
0,949,2.30E-05,949,4.70E-05,950,6.90E-05,950,9.10E-05,952,GoogleMeet_video
0,121,6.20E-05,567,0.000172,124,0.000207,119,0.000261,743,GoogleMeet_video
0,701,0.000148,717,0.000187,719,0.000228,719,0.000269,719,GoogleMeet_video
0,106,4.10E-05,107,0.00021,109,0.000231,108,0.000295,110,GoogleMeet_video
0,98,0.000169,109,0.00105,114,0.002075,117,0.00231,111,GoogleMeet_video
0,94,0.000231,102,0.00054,110,0.001132,102,0.001331,103,GoogleMeet_video
0,1217,8.20E-05,1213,0.000132,1213,0.000188,1213,0.000241,1213,GoogleMeet_video
0,70,0.000914,78,0.001495,84,0.001909,78,0.00241,79,GoogleMeet_video
0,86,0.001075,90,0.001427,86,0.001799,88,0.00196,93,GoogleMeet_video
0,1151,0.00023,1151,0.000349,1152,0.000407,1152,0.000486,1152,GoogleMeet_video
0,1170,8.00E-05,1186,0.00013,1186,0.000204,1186,0.000255,1186,GoogleMeet_video
0,109,0.000566,109,0.001045,110,0.001263,125,0.001457,110,GoogleMeet_video
0,289,0.000245,945,0.000339,945,0.000479,945,0.000808,945,GoogleMeet_video
0,1209,8.90E-05,1209,0.000217,1209,0.000289,1209,0.000361,1209,GoogleMeet_video
0,121,0.000371,1086,0.000435,1086,0.000506,1086,0.00057,1086,GoogleMeet_video
0,109,5.00E-05,112,0.000437,107,0.000454,114,0.000477,104,GoogleMeet_video
0,103,4.90E-05,93,0.000679,88,0.000878,96,0.001252,90,GoogleMeet_video
0,127,0.000815,112,0.003161,107,0.003781,88,0.003928,103,GoogleMeet_video
0,1159,0.000202,1155,0.000305,1155,0.000343,1155,0.000379,1155,GoogleMeet_video
0,102,0.000544,110,0.001297,95,0.001625,100,0.002443,119,GoogleMeet_video
0,78,0.000796,76,0.001252,77,0.001901,78,0.002095,79,GoogleMeet_video
0,126,0.000533,319,0.000593,134,0.000619,131,0.000645,284,GoogleMeet_video
0,1088,0.00016,1090,0.000262,1104,0.000374,1106,0.000409,1106,GoogleMeet_video
0,121,0.000122,116,0.000167,128,0.000538,119,0.000627,113,GoogleMeet_video
0,700,5.60E-05,716,0.000444,111,0.001146,636,0.003698,109,GoogleMeet_video
0,173,5.80E-05,115,0.000139,113,0.000213,254,0.000366,110,GoogleMeet_video
0,1013,0.004797,115,0.005228,898,0.007495,223,0.009483,782,GoogleMeet_video
0,141,4.30E-05,124,5.80E-05,129,8.90E-05,120,0.00014,122,GoogleMeet_video
0,105,0.001252,93,0.001349,97,0.001386,102,0.001919,96,GoogleMeet_video
0,78,0.0004,74,0.000663,84,0.001067,79,0.001218,79,GoogleMeet_video
0,1111,0.000381,1132,0.000415,1132,0.000578,1132,0.000612,1132,GoogleMeet_video
0,104,0.000221,99,0.000848,101,0.000865,104,0.001809,96,GoogleMeet_video
0,70,0.000571,72,0.001068,73,0.001393,74,0.001756,74,GoogleMeet_video
0,978,3.80E-05,127,0.000144,131,0.000213,668,0.000236,125,GoogleMeet_video
0,800,0.003033,664,0.003062,676,0.004551,337,0.006718,442,GoogleMeet_video
0,229,0.000115,215,0.000409,256,0.000654,197,0.000958,227,GoogleMeet_video
0,872,0.002116,223,0.004162,1018,0.006122,189,0.009348,945,GoogleMeet_video
0,959,3.40E-05,108,5.50E-05,103,0.000142,844,0.001084,103,GoogleMeet_video
0,734,0.000761,751,0.001089,753,0.001113,753,0.001301,753,GoogleMeet_video
0,247,7.50E-05,283,0.000122,272,0.000158,106,0.000207,214,GoogleMeet_video
0,1086,0.000137,1102,0.000203,1102,0.000268,1102,0.000333,1102,GoogleMeet_video
0,108,3.30E-05,108,6.80E-05,108,0.000266,115,0.000411,105,GoogleMeet_video
0,103,0.000149,104,1.00132,100,1.001508,100,1.002109,101,GoogleMeet_video
0,85,1.001534,83,1.001584,84,1.001689,86,1.002093,81,GoogleMeet_video
0,1179,3.40E-05,1175,7.60E-05,1175,0.000111,1176,0.000154,1176,GoogleMeet_video
0,77,0.000113,76,0.001211,75,0.00167,293,0.00173,780,GoogleMeet_video
0,102,0.000425,99,0.000709,101,0.001084,91,0.001097,101,GoogleMeet_video
0,1035,6.50E-05,1035,0.000128,1035,0.000197,1035,0.00026,1035,GoogleMeet_video
0,613,0.001765,110,0.001861,844,0.004813,217,0.006803,854,GoogleMeet_video
0,119,0.000133,1204,0.00033,1204,0.00051,1204,0.000639,1204,GoogleMeet_video
0,953,0.003879,103,0.006602,770,0.007327,129,0.00762,658,GoogleMeet_video
0,119,8.20E-05,962,0.000132,963,0.000212,963,0.001414,126,GoogleMeet_video
0,1183,6.00E-05,1195,0.000193,1195,0.000227,1191,0.000625,1144,GoogleMeet_video
0,1102,9.30E-05,1102,0.000383,827,0.000438,827,0.002994,1127,GoogleMeet_video
0,1212,7.10E-05,1212,0.000347,1068,0.00041,1068,0.000473,1068,GoogleMeet_video
0,106,0.000403,109,0.000665,996,0.000754,997,0.000826,997,GoogleMeet_video
0,724,0.000146,740,0.001717,83,0.003807,823,0.006259,122,GoogleMeet_video
0,45,0.000106,695,0.000145,693,0.000204,1090,0.00026,1200,GoogleMeet_video
0,892,0.000166,909,0.000344,162,0.00081,907,0.001386,353,GoogleMeet_video
0,107,0.000406,682,0.000548,111,0.000619,111,0.000769,946,GoogleMeet_video
0,742,2.50E-05,759,0.000312,145,0.002449,770,0.002698,159,GoogleMeet_video
0,109,9.60E-05,1183,0.000168,1183,0.000244,1183,0.000313,1183,GoogleMeet_video
0,1167,0.000133,1168,0.000222,1168,0.000301,1168,0.001862,752,GoogleMeet_video
0,123,0.000114,118,0.002029,108,0.002054,112,0.002092,112,GoogleMeet_video
0,108,0.000181,107,0.000489,102,0.000965,101,0.001264,111,GoogleMeet_video
0,70,0.000493,72,0.000659,73,0.000926,74,0.000992,82,GoogleMeet_video
0,1191,0.000312,1187,0.000339,1187,0.000366,1187,0.000408,1187,GoogleMeet_video
0,103,0.000577,103,0.99578,92,0.996959,90,0.99721,293,GoogleMeet_video
0,88,0.995041,82,0.996264,82,0.997422,85,0.99848,78,GoogleMeet_video
0,104,0.000236,106,0.000268,106,0.000345,104,0.000364,106,GoogleMeet_video
0,108,0.000526,105,0.001461,113,0.001877,109,0.002006,103,GoogleMeet_video
0,70,0.000219,72,0.001329,73,0.001452,74,1.003573,74,GoogleMeet_video
0,1109,0.000273,1129,0.001049,1129,0.001222,1129,0.001303,1129,GoogleMeet_video
0,89,0.000383,85,0.005115,95,0.005842,92,0.005914,86,GoogleMeet_video
0,100,0.001761,104,0.005341,103,0.005689,101,0.005749,97,GoogleMeet_video
0,133,0.000139,1080,0.00064,123,0.000699,734,0.000754,732,GoogleMeet_video
0,716,5.20E-05,732,1.005444,781,1.005459,116,1.005759,905,GoogleMeet_video
0,502,0.000217,119,0.000663,109,0.0007,106,0.00088,599,GoogleMeet_video
0,274,0.003171,1114,0.003819,1130,0.00389,1130,0.003954,1130,GoogleMeet_video
0,109,0.000103,1155,0.00018,1155,0.000252,1155,0.000336,1155,GoogleMeet_video
0,90,0.007762,809,0.009125,192,0.009632,1074,0.011115,303,GoogleMeet_video
0,955,0.000279,632,0.000377,1071,0.001289,1080,0.001352,1080,GoogleMeet_video
0,719,0.000183,736,0.003903,84,0.005613,823,0.005991,122,GoogleMeet_video
0,112,0.000324,109,0.000438,114,0.000655,110,0.000774,111,GoogleMeet_video
0,108,0.00027,103,0.000533,105,0.000979,107,0.001071,108,GoogleMeet_video
0,81,0.000556,76,0.000658,73,0.00075,74,1.003136,74,GoogleMeet_video
0,1108,0.000138,1128,0.000172,1128,0.000442,1128,0.00049,1128,GoogleMeet_video
0,107,0.00097,102,0.001781,111,0.002096,120,0.002442,122,GoogleMeet_video
0,100,0.000718,100,0.001489,97,0.001564,93,0.001844,89,GoogleMeet_video
0,116,4.80E-05,123,0.000361,120,0.000591,119,0.000625,119,GoogleMeet_video
0,104,0.00036,98,0.000593,101,0.001537,102,0.001635,102,GoogleMeet_video
0,87,0.000208,86,0.00044,78,0.00142,79,0.001445,74,GoogleMeet_video
0,408,0.00024,410,0.000263,410,0.000282,410,0.000491,410,GoogleMeet_video
0,123,0.00055,119,0.001072,120,0.00183,125,0.001959,293,GoogleMeet_video
0,70,0.000387,72,0.001108,73,0.001498,74,0.001776,74,GoogleMeet_video
0,111,0.000527,113,0.000673,111,0.000746,112,0.000813,112,GoogleMeet_video
0,715,0.000165,731,0.000309,733,0.000369,733,0.000431,733,GoogleMeet_video
0,106,0.000191,1114,0.000308,1114,0.000568,1114,0.000664,1114,GoogleMeet_video
0,179,0.000175,984,0.004527,226,0.00706,1190,0.009565,348,GoogleMeet_video
0,501,0.000112,107,0.000589,113,0.000694,366,0.00099,108,GoogleMeet_video
0,996,0.002904,181,0.003994,771,0.005945,268,0.008064,722,GoogleMeet_video
0,129,0.00014,947,0.000231,121,0.000353,1122,0.000538,120,GoogleMeet_video
0,734,9.00E-05,750,0.000113,752,0.000135,752,0.000158,752,GoogleMeet_video
0,110,0.000119,112,0.000356,112,0.000401,108,0.000812,107,GoogleMeet_voice
0,111,5.40E-05,113,9.40E-05,113,0.000139,122,0.000335,127,GoogleMeet_voice
0,112,5.90E-05,45,0.000907,117,0.001012,108,0.00106,105,GoogleMeet_voice
0,105,0.000191,108,0.000302,108,0.000341,107,0.000419,115,GoogleMeet_voice
0,114,0.000247,45,0.00098,113,0.001169,45,0.00157,111,GoogleMeet_voice
0,115,0.000101,117,0.000263,123,0.000441,118,0.000538,117,GoogleMeet_voice
0,115,0.000172,130,0.000211,115,0.000286,116,0.000357,113,GoogleMeet_voice
0,116,0.000195,45,0.000282,122,0.00036,113,0.000395,108,GoogleMeet_voice
0,113,0.000205,110,0.000277,112,0.00042,107,0.00051,121,GoogleMeet_voice
0,109,0.000317,45,0.000404,116,0.000483,112,0.000519,108,GoogleMeet_voice
0,126,6.40E-05,111,0.000107,115,0.000146,120,0.00022,128,GoogleMeet_voice
0,105,0.000308,45,0.001213,129,0.001251,112,0.00135,109,GoogleMeet_voice
0,110,0.000108,127,0.00015,106,0.000319,113,0.000353,113,GoogleMeet_voice
0,45,0.000312,115,0.000354,115,0.000376,113,0.000412,114,GoogleMeet_voice
0,114,5.90E-05,110,8.40E-05,112,0.000222,113,0.000266,110,GoogleMeet_voice
0,118,0.000108,45,0.002462,111,0.002847,115,0.002922,126,GoogleMeet_voice
0,104,2.20E-05,45,7.80E-05,133,0.000303,123,0.000329,125,GoogleMeet_voice
0,100,4.30E-05,101,0.000115,100,0.000156,103,0.000236,100,GoogleMeet_voice
0,108,0.000494,129,0.00126,115,0.001369,109,0.001518,115,GoogleMeet_voice
0,115,3.20E-05,110,0.000434,112,0.000472,120,0.000689,112,GoogleMeet_voice
0,113,0.000195,110,0.000267,103,0.000377,106,0.000415,108,GoogleMeet_voice
0,111,3.60E-05,45,0.000102,111,0.000292,108,0.00033,113,GoogleMeet_voice
0,114,4.60E-05,106,0.000101,103,0.000127,107,0.000155,108,GoogleMeet_voice
0,118,4.20E-05,114,7.90E-05,114,0.000115,109,0.000191,107,GoogleMeet_voice
0,111,7.80E-05,113,0.000222,112,0.000262,112,0.000331,117,GoogleMeet_voice
0,118,6.70E-05,117,0.000144,116,0.000323,114,0.000376,108,GoogleMeet_voice
0,115,0.000126,45,0.000176,120,0.000284,109,0.000387,113,GoogleMeet_voice
0,45,0.000125,124,0.000394,115,0.001456,107,0.001619,108,GoogleMeet_voice
0,115,9.70E-05,105,0.000137,45,0.000262,120,0.000409,128,GoogleMeet_voice
0,107,0.000324,128,0.000411,122,0.000516,111,0.000619,111,GoogleMeet_voice
0,110,3.70E-05,107,6.60E-05,106,0.000163,107,0.000385,117,GoogleMeet_voice
0,120,5.90E-05,123,0.000169,114,0.000412,117,0.00057,112,GoogleMeet_voice
0,106,0.000158,104,0.00028,104,0.000318,45,0.000804,113,GoogleMeet_voice
0,45,0.00096,115,0.00107,111,0.001157,113,0.001335,110,GoogleMeet_voice
0,109,0.000101,111,0.00037,112,0.000408,112,0.000442,112,GoogleMeet_voice
0,107,0.000112,45,0.000431,123,0.000507,109,0.000617,108,GoogleMeet_voice
0,120,0.000564,124,0.000606,113,0.000634,107,0.000664,114,GoogleMeet_voice
0,117,0.000342,117,0.000495,115,0.000635,116,0.000744,119,GoogleMeet_voice
0,80,0.000128,45,0.000716,80,0.000749,45,1.002295,79,GoogleMeet_voice
0,118,0.000528,121,0.001111,110,0.001134,115,0.001265,116,GoogleMeet_voice
0,83,5.40E-05,769,0.001078,158,1.00109,216,1.001197,63,Messenger_video
0,146,5.80E-05,650,8.50E-05,701,0.000317,285,0.000403,285,Messenger_video
0,285,0.000174,182,0.00022,285,0.00026,285,0.000386,285,Messenger_video
0,892,9.60E-05,892,0.000134,889,0.000553,51,0.000678,1027,Messenger_video
0,44,0.001066,49,0.001281,44,0.002052,157,0.002187,230,Messenger_video
0,83,2.80E-05,809,9.70E-05,810,0.001347,161,0.002149,219,Messenger_video
0,82,2.50E-05,615,0.000799,615,0.000836,167,0.001019,780,Messenger_video
0,285,2.80E-05,365,5.10E-05,285,7.40E-05,285,0.000116,285,Messenger_video
0,285,4.50E-05,1060,0.000221,53,0.000265,1061,0.000356,1061,Messenger_video
0,83,9.20E-05,662,0.000572,1120,0.002013,1152,0.002098,1152,Messenger_video
0,285,9.80E-05,907,0.000169,907,0.000298,285,0.000358,285,Messenger_video
0,285,0.000173,714,0.000445,715,0.000611,285,0.000749,285,Messenger_video
0,83,5.90E-05,677,0.0001,765,0.000123,765,0.001213,159,Messenger_video
0,50,6.70E-05,83,0.000324,1110,0.001864,1110,0.002022,1110,Messenger_video
0,285,0.000753,879,0.001771,285,0.001791,285,0.001819,285,Messenger_video
0,285,0.000136,285,0.001094,285,0.001492,285,0.001517,285,Messenger_video
0,1069,0.000121,1069,0.00016,159,0.000364,1064,0.000576,1170,Messenger_video
0,500,0.000224,285,0.000289,285,0.000359,285,0.000391,285,Messenger_video
0,824,6.10E-05,285,0.000128,285,0.000145,285,0.000178,285,Messenger_video
0,83,3.80E-05,888,7.00E-05,889,0.001611,162,0.001752,63,Messenger_video
0,86,4.00E-05,1164,0.000219,134,0.000332,285,0.000455,285,Messenger_video
0,285,2.00E-05,594,0.000106,285,0.00016,285,0.00021,285,Messenger_video
0,83,5.10E-05,667,0.0001,646,0.00015,647,1.000512,63,Messenger_video
0,82,6.20E-05,988,0.000544,149,1.001923,601,1.002304,162,Messenger_video
0,285,9.40E-05,866,0.000489,70,0.000505,285,0.000532,285,Messenger_video
0,53,0.000735,285,0.001039,71,0.001073,1132,0.00113,285,Messenger_video
0,83,5.30E-05,637,0.000104,637,0.000416,63,0.000482,1150,Messenger_video
0,70,0.000245,54,0.000951,285,0.002386,456,0.002442,675,Messenger_video
0,285,7.80E-05,346,0.000105,285,0.000132,285,0.000147,285,Messenger_video
0,83,7.30E-05,822,0.000142,823,0.00119,160,0.001222,63,Messenger_video
0,285,1.80E-05,194,5.50E-05,285,8.70E-05,285,0.000129,285,Messenger_video
0,51,0.00015,951,0.000222,951,0.001203,874,0.001226,874,Messenger_video
0,285,5.70E-05,285,8.30E-05,285,0.000125,285,0.000154,285,Messenger_video
0,83,0.000446,843,0.000482,843,0.002152,160,0.003302,63,Messenger_video
0,177,0.00089,177,0.001027,177,0.001184,177,0.001361,82,Messenger_video
0,285,0.000154,86,0.000211,728,0.000299,728,0.000507,285,Messenger_video
0,83,0.000239,985,0.000879,986,0.001827,160,0.001908,63,Messenger_video
0,285,2.20E-05,180,4.80E-05,488,0.000253,285,0.000282,285,Messenger_video
0,285,7.60E-05,905,0.000333,285,0.000589,285,0.000806,285,Messenger_video
0,161,2.20E-05,186,0.000118,185,0.000927,184,0.001994,163,Messenger_video
0,285,0.000267,983,0.000375,44,0.000424,285,0.000498,285,Messenger_video
0,285,0.000224,220,0.000485,412,0.000719,285,0.00092,285,Messenger_video
0,83,0.000226,982,0.000684,982,0.000711,843,0.000924,844,Messenger_video
0,104,7.30E-05,104,0.000599,177,0.000714,82,0.000766,606,Messenger_video
0,285,4.80E-05,177,0.00013,285,0.000258,285,0.000455,285,Messenger_video
0,170,0.000409,156,0.021333,170,0.021549,156,0.021649,63,Messenger_video
0,152,6.30E-05,86,0.000322,1087,0.000602,610,0.001035,50,Messenger_video
0,475,0.000474,820,0.000733,1147,0.000787,1147,0.000826,1147,Messenger_video
0,52,0.000193,52,0.000251,616,0.000304,617,0.000801,992,Messenger_video
0,83,7.50E-05,707,0.002004,161,0.004455,209,0.005214,71,Messenger_video
0,82,5.20E-05,641,0.001202,161,0.001259,642,0.001348,571,Messenger_video
0,285,6.30E-05,362,0.000379,285,0.00041,285,0.000582,53,Messenger_video
0,285,0.000288,819,0.000448,285,0.000679,285,0.000788,285,Messenger_video
0,83,7.10E-05,1063,0.000147,1042,1.000575,161,1.001074,207,Messenger_video
0,285,0.00012,163,0.000156,701,0.000216,701,0.000449,285,Messenger_video
0,52,0.000367,285,0.000393,201,0.000422,285,0.0005,285,Messenger_video
0,83,6.00E-05,919,9.40E-05,920,0.000134,1088,0.000195,1089,Messenger_video
0,511,8.30E-05,285,0.000144,146,0.000171,285,0.000207,285,Messenger_video
0,48,0.000144,44,0.000172,555,1.003253,402,1.003284,403,Messenger_video
0,285,2.80E-05,637,0.000293,637,0.000315,285,0.000332,285,Messenger_video
0,1115,0.008046,1112,0.008109,1001,0.00817,1001,0.00847,1001,Messenger_video
0,158,8.90E-05,292,0.000113,289,0.00073,194,0.000755,446,Messenger_video
0,285,4.00E-05,506,0.00012,503,0.000338,285,0.000408,285,Messenger_video
0,285,5.60E-05,285,0.000265,285,0.000318,285,0.000346,285,Messenger_video
0,83,0.000116,717,0.000145,717,0.00017,856,0.001621,856,Messenger_video
0,50,0.000109,285,0.000158,523,0.001772,285,0.0019,285,Messenger_video
0,285,5.00E-05,187,9.40E-05,733,0.000124,285,0.000153,285,Messenger_video
0,83,0.000107,858,0.001731,158,0.001771,63,0.001953,1082,Messenger_video
0,285,3.90E-05,285,6.70E-05,603,8.70E-05,195,0.000109,285,Messenger_video
0,52,0.000186,52,0.000934,285,0.001107,719,0.001287,285,Messenger_video
0,83,2.30E-05,810,0.000424,63,0.00045,1085,0.00048,1085,Messenger_video
0,285,2.50E-05,170,5.80E-05,794,0.000104,285,1.001497,285,Messenger_video
0,52,0.000966,52,0.003201,285,0.003257,180,0.003278,285,Messenger_video
0,285,0.000206,285,0.000322,285,0.00055,285,0.000742,167,Messenger_video
0,285,1.80E-05,375,7.70E-05,285,0.000106,285,0.000137,285,Messenger_video
0,161,0.000413,295,0.000446,292,0.000556,199,0.000591,397,Messenger_video
0,873,3.40E-05,873,0.000132,870,0.000371,1013,0.000432,1013,Messenger_video
0,285,0.000163,227,0.000243,209,0.000273,285,0.000319,285,Messenger_video
0,49,0.000117,285,0.000254,724,0.000316,285,0.000349,285,Messenger_video
0,83,6.60E-05,874,0.000215,874,0.001805,159,0.00248,63,Messenger_video
0,285,8.80E-05,790,0.000563,217,0.000744,285,0.000791,285,Messenger_video
0,285,0.000211,49,0.000225,86,0.000524,781,0.000933,782,Messenger_video
0,955,0.001908,955,0.00215,951,0.002276,992,0.002393,992,Messenger_video
0,302,3.00E-05,144,6.00E-05,299,0.000707,360,0.000728,200,Messenger_video
0,54,0.00031,285,0.000508,510,0.000573,507,0.000609,285,Messenger_video
0,285,3.30E-05,890,5.50E-05,285,7.70E-05,285,9.80E-05,285,Messenger_video
0,425,0.000273,285,0.00031,440,0.000339,285,0.000369,285,Messenger_video
0,1036,0.000668,1089,0.011361,1036,0.011738,1089,0.011926,575,Messenger_video
0,83,4.10E-05,809,9.20E-05,809,0.000879,160,0.001339,190,Messenger_video
0,44,0.000104,285,0.000227,803,0.000374,285,0.000402,285,Messenger_video
0,285,2.60E-05,86,8.40E-05,1150,0.000347,1150,0.000683,1150,Messenger_video
0,83,6.10E-05,907,0.000191,909,0.000334,909,0.000392,910,Messenger_video
0,285,4.10E-05,209,6.30E-05,285,0.000632,285,0.000676,724,Messenger_video
0,285,0.000262,289,0.000299,285,0.000597,285,0.000625,285,Messenger_video
0,634,0.00029,54,0.000437,1159,0.000516,369,0.000551,175,Messenger_video
0,52,0.000116,285,0.000165,1075,0.000428,1075,0.000475,1075,Messenger_video
0,303,0.000721,300,0.00105,158,0.001184,445,0.001898,189,Messenger_video
0,983,0.000254,983,0.000288,978,0.000322,1143,0.000415,1143,Messenger_video
0,285,0.001457,612,0.001623,610,0.001783,285,0.001805,285,Messenger_video
0,285,2.90E-05,617,5.30E-05,615,0.000106,285,0.000246,285,Messenger_video
0,1016,0.000202,159,0.000414,1067,0.000461,1065,0.000498,811,Messenger_video
0,124,0.001302,285,0.001499,303,0.001525,285,0.002163,285,Messenger_video
0,285,4.20E-05,1096,6.30E-05,285,7.90E-05,285,0.000269,285,Messenger_video
0,159,0.000862,86,0.000917,717,0.001211,718,0.00203,205,Messenger_video
0,83,7.50E-05,909,0.001736,162,0.002193,62,1.004035,52,Messenger_video
0,285,5.20E-05,645,0.000106,285,0.000254,217,0.000391,285,Messenger_video
0,285,0.000164,930,0.00043,930,0.000721,930,0.000839,931,Messenger_video
0,788,0.001467,184,0.001664,1162,0.002141,191,0.003738,938,Messenger_video
0,64,0.000218,71,0.000303,1168,0.000408,1168,0.00051,1168,Messenger_video
0,285,0.000218,235,0.000289,285,0.000409,215,0.000518,285,Messenger_video
0,285,8.40E-05,342,0.000228,285,0.000268,285,0.000308,285,Messenger_video
0,300,4.80E-05,298,0.000157,160,0.001919,385,0.00197,191,Messenger_video
0,1069,7.20E-05,1069,0.000138,1064,0.000208,1170,0.000255,1170,Messenger_video
0,617,5.40E-05,615,0.000305,285,0.000402,285,0.000988,285,Messenger_video
0,285,0.000143,817,0.000545,285,0.000579,285,0.000594,285,Messenger_video
0,83,0.001307,975,0.006353,161,0.006517,63,0.006545,1133,Messenger_video
0,285,0.000179,165,0.000251,285,0.000321,285,0.000375,776,Messenger_video
0,53,1.000426,285,1.000577,1135,1.000646,285,1.000747,285,Messenger_video
0,73,6.40E-05,1116,0.000104,1116,0.00014,1116,0.000181,1116,Messenger_video
0,73,6.70E-05,1091,0.000177,1091,0.000211,1092,0.000299,1092,Messenger_video
0,285,0.000132,285,0.00015,285,0.000229,285,0.000299,285,Messenger_video
0,921,0.000625,994,0.000649,994,0.000674,52,0.001479,52,Messenger_video
0,83,5.60E-05,576,0.008522,173,0.008618,213,0.008645,63,Messenger_video
0,285,7.80E-05,285,0.000135,694,0.000284,285,0.000329,285,Messenger_video
0,53,0.000205,53,0.003805,52,0.003874,285,0.003896,86,Messenger_video
0,83,5.50E-05,649,0.000105,649,0.000164,915,0.000271,915,Messenger_video
0,285,8.10E-05,285,0.000129,285,0.000242,285,0.000274,51,Messenger_video
0,285,6.20E-05,86,0.000106,929,0.000283,929,0.000378,171,Messenger_video
0,83,7.30E-05,823,0.00014,824,0.001658,161,0.002441,63,Messenger_video
0,285,5.10E-05,851,0.001316,67,0.001461,285,0.00198,285,Messenger_video
0,53,0.000906,285,0.001802,86,0.002539,710,0.002962,710,Messenger_video
0,180,0.000798,185,0.001504,158,0.0017,49,0.002098,44,Messenger_voice
0,159,0.001179,49,0.00131,44,0.002393,49,0.002492,44,Messenger_voice
0,44,0.000222,49,0.000236,44,0.000586,50,0.000864,53,Messenger_voice
0,48,3.10E-05,44,9.60E-05,48,0.000275,44,1.002683,49,Messenger_voice
0,207,0.000402,177,0.000637,160,0.000736,48,0.001069,44,Messenger_voice
0,158,0.000253,49,0.000364,44,0.00106,49,1.003463,44,Messenger_voice
0,152,0.000104,196,0.000395,182,0.000751,167,0.000767,196,Messenger_voice
0,202,0.000119,180,0.50254,202,0.502656,180,0.502697,165,Messenger_voice
0,155,3.50E-05,48,4.70E-05,44,0.500053,155,0.500164,48,Messenger_voice
0,164,0.000363,190,0.001105,179,0.001332,167,0.002069,49,Messenger_voice
0,68,0.000629,48,0.001097,44,0.001991,132,0.002088,135,Messenger_voice
0,54,0.343599,54,0.344074,54,1.002675,54,1.003439,55,Messenger_voice
0,54,0.658544,54,0.659113,53,0.659355,53,0.660182,54,Messenger_voice
0,182,1.000652,160,1.001338,49,1.001688,44,1.00239,49,Messenger_voice
0,148,0.000192,50,0.000451,44,0.004343,49,0.004368,44,Messenger_voice
0,157,1.50E-05,178,1.002091,187,1.002223,179,1.002265,202,Messenger_voice
0,49,0.000472,44,0.001803,189,0.001874,166,0.001932,189,Messenger_voice
0,221,0.000101,235,0.000172,217,1.002918,66,1.003138,54,Messenger_voice
0,168,0.00019,166,0.000397,49,0.000636,44,0.001027,48,Messenger_voice
0,181,0.000271,64,0.000371,52,0.000783,52,0.000869,52,Messenger_voice
0,157,1.50E-05,48,2.80E-05,44,0.000329,50,0.001044,44,Messenger_voice
0,146,0.000107,158,0.00033,150,0.000379,147,1.003637,49,Messenger_voice
0,50,0.000106,53,0.000239,53,0.000386,53,0.000854,52,Messenger_voice
0,158,3.90E-05,185,0.000187,191,0.000388,164,0.000451,48,Messenger_voice
0,44,0.000262,155,0.00043,180,0.000497,148,0.000562,48,Messenger_voice
0,206,0.00036,232,0.000579,305,0.000674,280,0.000793,258,Messenger_voice
0,159,0.000363,184,0.001517,187,0.001714,166,0.001838,162,Messenger_voice
0,51,0.00014,44,0.001311,48,0.001542,44,0.002491,49,Messenger_voice
0,50,1.30E-05,44,0.000421,168,0.000773,148,0.0008,149,Messenger_voice
0,53,0.000426,53,0.001671,258,0.001774,245,0.002067,252,Messenger_voice
0,57,0.000705,57,0.002168,54,0.002299,54,0.002687,54,Messenger_voice
0,214,0.000503,190,0.000781,203,0.000796,208,0.000812,212,Messenger_voice
0,153,0.000125,50,1.002362,44,1.00294,165,1.002999,173,Messenger_voice
0,149,0.000258,195,0.00069,189,0.000781,169,0.000798,165,Messenger_voice
0,149,0.000158,51,0.000688,44,0.001388,49,0.001858,44,Messenger_voice
0,51,0.000719,44,0.001109,51,1.003955,44,1.004125,249,Messenger_voice
0,161,0.000403,195,0.000455,179,0.000483,162,0.000571,185,Messenger_voice
0,51,0.000431,44,0.001008,51,0.001414,44,1.003885,52,Messenger_voice
0,51,0.000444,44,0.001014,51,0.001415,44,1.003884,53,Messenger_voice
0,48,1.30E-05,44,0.002518,49,0.002685,44,1.005146,48,Messenger_voice
0,159,0.000811,49,0.000848,44,1.003452,48,1.003564,44,Messenger_voice
0,160,0.00033,172,0.000513,169,0.000778,166,0.001069,173,Messenger_voice
0,51,0.00036,44,0.001928,49,0.002145,44,1.004975,49,Messenger_voice
0,107,0.00059,52,0.000775,180,0.001254,163,0.001271,163,Messenger_voice
0,183,0.000234,172,0.000576,191,0.00107,173,0.001438,165,Messenger_voice
0,49,6.20E-05,44,0.002124,48,0.002431,44,1.004793,49,Messenger_voice
0,166,0.000578,161,0.001028,49,0.001401,44,0.00194,48,Messenger_voice
0,152,0.000494,50,0.000818,44,0.001503,51,0.001583,44,Messenger_voice
0,48,1.001409,173,1.001494,164,1.001573,183,1.001778,167,Messenger_voice
0,49,0.000116,44,0.001093,48,0.001156,44,0.001558,49,Messenger_voice
0,160,0.001423,48,0.001695,44,0.002234,48,0.002667,44,Messenger_voice
0,175,9.20E-05,173,0.000242,218,0.000303,219,0.000489,193,Messenger_voice
0,139,6.10E-05,50,0.00014,44,1.000584,171,1.00136,163,Messenger_voice
0,163,5.90E-05,48,0.000139,44,1.000225,188,1.001141,185,Messenger_voice
0,164,3.70E-05,49,7.80E-05,175,0.000151,178,0.000372,161,Messenger_voice
0,49,9.30E-05,44,0.000865,48,0.0009,44,1.004594,49,Messenger_voice
0,223,0.000382,209,0.000566,166,0.000731,163,0.999156,49,Messenger_voice
0,154,0.002685,49,0.002741,44,0.003467,49,0.003518,44,Messenger_voice
0,171,0.001812,163,0.002035,206,0.002218,157,0.002356,49,Messenger_voice
0,157,3.70E-05,49,6.30E-05,44,1.006944,49,1.007016,44,Messenger_voice
0,48,0.00087,44,0.00236,48,0.002508,44,0.002559,173,Messenger_voice
0,153,0.000892,159,0.001654,48,0.001917,44,0.0024,49,Messenger_voice
0,177,0.0003,181,0.0004,179,1.001686,177,1.002014,211,Messenger_voice
0,141,0.000146,49,0.000219,44,0.000445,48,1.001796,44,Messenger_voice
0,165,8.50E-05,185,0.000144,214,0.000157,204,0.000181,175,Messenger_voice
0,182,2.60E-05,181,0.000429,152,0.000456,49,0.000617,181,Messenger_voice
0,48,0.000405,44,0.000654,208,0.000685,199,0.00074,159,Messenger_voice
0,159,1.000817,49,1.000936,182,1.001047,165,1.001097,50,Messenger_voice
0,162,0.000122,48,0.000378,44,1.001371,49,1.00144,44,Messenger_voice
0,48,1.00E-04,51,1.001423,50,1.001551,50,1.001981,269,Messenger_voice
0,163,0.000156,48,0.000268,44,1.002207,49,1.002221,44,Messenger_voice
0,152,1.001526,48,1.001561,44,1.002263,49,1.002745,44,Messenger_voice
0,186,0.000465,207,0.000665,169,0.000849,158,0.000884,48,Messenger_voice
0,49,4.90E-05,44,1.004652,48,1.004686,44,1.005859,49,Messenger_voice
0,184,0.000159,189,0.000233,167,0.000315,172,0.000399,156,Messenger_voice
0,252,0.000118,197,0.000447,254,0.000553,62,0.000675,52,Messenger_voice
0,279,0.000188,304,0.000423,253,0.000515,264,0.001249,271,Messenger_voice
0,52,0.000255,52,0.002112,52,0.002273,52,0.003243,52,Messenger_voice
0,48,0.000255,44,1.002919,48,1.003126,44,1.004166,51,Messenger_voice
0,49,0.000239,44,0.000282,166,1.001494,165,1.002366,49,Messenger_voice
0,49,0.001089,44,0.002668,48,0.002774,44,1.004966,171,Messenger_voice
0,44,0.001478,177,0.001586,174,0.001693,163,0.001766,186,Messenger_voice
0,158,0.000409,173,0.000426,169,0.000496,162,1.003086,181,Messenger_voice
0,44,0.000394,49,0.000425,44,1.00216,48,1.002222,44,Messenger_voice
0,48,0.000229,44,0.000305,179,0.000336,194,0.000366,166,Messenger_voice
0,44,0.001191,198,1.000945,172,1.000999,161,1.00115,48,Messenger_voice
0,49,0.000146,44,0.001041,49,0.001092,44,0.002962,50,Messenger_voice
0,157,1.002696,185,1.002964,176,1.003002,174,1.003205,163,Messenger_voice
0,49,1.000607,44,1.000691,174,1.000749,163,1.000853,49,Messenger_voice
0,48,7.00E-05,44,0.000435,49,0.000495,44,0.001141,49,Messenger_voice
0,155,0.000289,187,0.000455,163,0.000564,166,0.000885,48,Messenger_voice
0,175,0.000266,214,0.000556,179,0.001037,165,0.001194,50,Messenger_voice
0,44,1.004605,48,1.005124,44,1.006143,49,1.006584,44,Messenger_voice
0,168,0.00015,165,0.000443,184,0.000613,162,0.000887,49,Messenger_voice
0,1004,7.30E-05,1000,0.000141,1000,0.000235,1000,0.000273,992,WhatsApp_video
0,39,2.00E-05,33,7.90E-05,1044,0.000116,1040,0.000167,1040,WhatsApp_video
0,977,0.000124,977,0.000201,973,0.001265,1012,0.001299,1008,WhatsApp_video
0,968,0.000787,968,0.000861,965,0.00089,999,0.000918,991,WhatsApp_video
0,1046,8.80E-05,1042,0.000186,1042,0.000257,1036,0.00038,975,WhatsApp_video
0,850,9.30E-05,846,0.000167,846,0.000255,841,0.001005,1035,WhatsApp_video
0,904,7.20E-05,900,0.000137,900,0.000201,896,0.000346,987,WhatsApp_video
0,1032,6.70E-05,1028,0.000132,1028,0.000196,1028,0.000262,1022,WhatsApp_video
0,861,6.50E-05,853,0.000128,848,0.001375,778,0.001447,774,WhatsApp_video
0,567,5.40E-05,561,0.000634,784,0.000696,777,0.001326,1016,WhatsApp_video
0,957,6.30E-05,953,0.00011,949,0.000763,280,0.000815,967,WhatsApp_video
0,875,7.40E-05,868,0.00087,1071,0.000902,1063,0.000951,1063,WhatsApp_video
0,917,6.90E-05,913,0.000141,913,0.000207,907,0.000323,675,WhatsApp_video
0,260,1.000956,934,1.001025,930,1.001092,930,1.001158,926,WhatsApp_video
0,976,6.90E-05,972,0.000144,972,0.000179,966,0.000297,888,WhatsApp_video
0,1009,3.70E-05,1005,8.30E-05,1005,0.000131,1005,0.000207,996,WhatsApp_video
0,785,8.50E-05,778,0.000496,968,0.000644,964,0.000784,964,WhatsApp_video
0,943,6.80E-05,937,0.000315,947,0.000379,943,0.000445,943,WhatsApp_video
0,944,0.000349,940,0.000551,940,0.000634,940,0.000778,940,WhatsApp_video
0,805,2.80E-05,801,5.60E-05,796,0.000111,59,0.000384,936,WhatsApp_video
0,985,0.000218,981,0.000299,981,0.000389,975,0.000643,819,WhatsApp_video
0,877,0.00011,873,0.00015,869,0.000984,856,0.00102,852,WhatsApp_video
0,913,6.50E-05,909,0.000127,909,0.000193,909,0.000255,900,WhatsApp_video
0,887,7.80E-05,879,0.000184,875,0.002108,898,0.002205,894,WhatsApp_video
0,928,8.10E-05,917,0.997283,930,0.997426,923,0.997499,882,WhatsApp_video
0,785,4.00E-05,36,0.001166,980,0.001269,980,0.001334,980,WhatsApp_video
0,916,6.80E-05,912,0.000147,912,0.000215,912,0.000372,904,WhatsApp_video
0,1016,0.00016,1012,0.000296,1012,0.000463,1006,0.001177,1025,WhatsApp_video
0,973,6.90E-05,969,0.000188,969,0.000256,969,0.000341,969,WhatsApp_video
0,60,0.000638,1012,0.000708,1006,0.000935,29,0.001077,739,WhatsApp_video
0,1083,7.50E-05,1079,0.000152,1079,0.000225,1042,0.00139,817,WhatsApp_video
0,1023,8.30E-05,1019,0.00017,1014,0.000518,936,0.000625,932,WhatsApp_video
0,881,0.000207,873,0.000346,873,0.000403,873,0.000459,867,WhatsApp_video
0,1022,5.90E-05,1018,0.000175,1018,0.000247,1014,0.000328,145,WhatsApp_video
0,1004,6.00E-05,1000,0.001125,1000,0.001249,996,0.001424,972,WhatsApp_video
0,998,3.40E-05,994,7.20E-05,994,0.000103,989,0.000378,815,WhatsApp_video
0,749,9.40E-05,743,0.000997,1059,0.001068,1055,0.001137,1055,WhatsApp_video
0,938,6.60E-05,927,0.000264,58,0.000334,971,0.000403,967,WhatsApp_video
0,868,0.000156,864,0.000251,864,0.000326,864,0.000553,864,WhatsApp_video
0,255,0.000587,844,0.000661,840,0.000728,840,0.000809,840,WhatsApp_video
0,917,6.60E-05,913,0.00013,913,0.000194,908,0.000312,1037,WhatsApp_video
0,884,6.90E-05,880,0.00013,876,0.001026,72,0.001419,944,WhatsApp_video
0,928,7.10E-05,924,0.000141,924,0.000205,917,0.000321,783,WhatsApp_video
0,948,8.60E-05,944,0.000152,944,0.000216,939,0.000543,62,WhatsApp_video
0,1032,8.20E-05,1026,0.000218,984,0.000296,980,0.000374,980,WhatsApp_video
0,1059,8.50E-05,1053,0.000374,1028,0.000452,1024,0.000532,1024,WhatsApp_video
0,976,0.000127,972,0.000258,969,0.000688,945,0.000788,941,WhatsApp_video
0,1045,5.20E-05,1033,0.000169,1029,0.000241,37,0.000315,33,WhatsApp_video
0,885,9.20E-05,881,0.000167,881,0.00024,881,0.000314,875,WhatsApp_video
0,968,6.60E-05,961,0.000339,72,0.000604,1034,0.000679,1027,WhatsApp_video
0,970,4.10E-05,966,8.10E-05,966,0.000121,962,0.000878,858,WhatsApp_video
0,925,3.60E-05,921,7.30E-05,921,0.000115,921,0.000151,916,WhatsApp_video
0,503,0.000171,603,0.00021,597,0.000351,74,0.001864,565,WhatsApp_video
0,84,0.000486,955,0.000546,963,0.000605,951,0.000762,951,WhatsApp_video
0,837,6.80E-05,833,0.000135,833,0.000202,826,0.000798,950,WhatsApp_video
0,1079,4.60E-05,1075,8.60E-05,1075,0.000118,1047,0.000358,980,WhatsApp_video
0,1079,9.10E-05,1075,0.000159,1075,0.000227,1075,0.000295,1061,WhatsApp_video
0,66,0.00047,29,0.001393,71,0.0016,674,0.001626,667,WhatsApp_video
0,1060,0.000281,1056,0.001413,1051,0.003218,883,0.003276,877,WhatsApp_video
0,1056,6.80E-05,1052,0.000121,1052,0.000182,1046,0.000619,845,WhatsApp_video
0,54,3.90E-05,871,7.20E-05,867,0.000153,864,0.000769,727,WhatsApp_video
0,83,3.50E-05,960,6.70E-05,956,0.000166,956,0.000207,956,WhatsApp_video
0,1027,3.60E-05,1023,6.30E-05,1023,9.40E-05,1019,0.000145,856,WhatsApp_video
0,962,6.60E-05,958,0.000127,958,0.00023,952,0.000496,1040,WhatsApp_video
0,900,4.50E-05,896,8.30E-05,896,0.000119,889,0.000372,837,WhatsApp_video
0,1035,0.000134,1031,0.000206,1031,0.000422,1027,0.001457,66,WhatsApp_video
0,997,6.90E-05,993,0.000136,993,0.00032,993,0.000458,985,WhatsApp_video
0,972,4.30E-05,968,9.20E-05,968,0.000144,962,0.000521,62,WhatsApp_video
0,1083,8.40E-05,1079,0.000162,1079,0.000243,1079,0.000322,1079,WhatsApp_video
0,1000,8.70E-05,996,0.00018,993,0.000454,826,0.000514,820,WhatsApp_video
0,1057,3.90E-05,1053,8.50E-05,1053,0.000133,1047,0.001158,245,WhatsApp_video
0,989,3.60E-05,985,6.90E-05,985,0.000101,985,0.000165,985,WhatsApp_video
0,1052,5.20E-05,1048,8.80E-05,1048,0.000132,1048,0.000174,1048,WhatsApp_video
0,964,3.70E-05,960,7.10E-05,957,0.000389,1063,0.000422,1056,WhatsApp_video
0,1035,7.10E-05,1031,0.000141,1031,0.00021,1026,0.00062,877,WhatsApp_video
0,258,0.000662,1032,0.000741,1028,0.000845,1028,0.000927,1024,WhatsApp_video
0,930,7.80E-05,922,0.000211,922,0.000285,915,0.001528,74,WhatsApp_video
0,909,6.70E-05,902,0.000674,718,0.00074,711,0.000779,62,WhatsApp_video
0,254,9.40E-05,270,0.000139,262,0.001433,118,0.001538,906,WhatsApp_video
0,835,6.10E-05,828,0.000205,59,0.000666,778,0.000698,768,WhatsApp_video
0,980,8.40E-05,976,0.000211,976,0.000456,976,0.000668,971,WhatsApp_video
0,977,6.10E-05,973,0.000119,973,0.00019,973,0.000242,970,WhatsApp_video
0,46,0.00147,173,0.002464,104,0.002998,118,0.003605,71,WhatsApp_voice
0,56,0.000832,110,0.001334,96,0.001556,59,0.001839,43,WhatsApp_voice
0,43,0.000991,43,0.001067,26,0.001803,26,0.001866,26,WhatsApp_voice
0,42,0.00039,40,0.001027,26,0.001423,26,0.001677,26,WhatsApp_voice
0,43,0.000296,59,0.000825,57,0.001337,56,0.001502,53,WhatsApp_voice
0,43,0.000136,43,0.001106,26,0.001271,26,0.001426,26,WhatsApp_voice
0,43,0.000229,43,0.000671,26,0.001559,26,0.001785,26,WhatsApp_voice
0,42,0.000141,87,0.001132,110,0.001439,116,0.001679,62,WhatsApp_voice
0,43,0.000841,58,0.000941,56,0.00135,54,0.001601,83,WhatsApp_voice
0,43,0.000164,43,0.000635,26,0.000685,26,0.000762,26,WhatsApp_voice
0,44,1.001454,58,1.001927,53,1.002246,55,1.00252,50,WhatsApp_voice
0,43,0.00014,43,0.000362,26,0.001107,26,0.001361,26,WhatsApp_voice
0,26,0.000178,30,0.00032,114,0.000388,130,0.000427,121,WhatsApp_voice
0,30,1.002361,30,1.002674,30,1.003395,30,2.006337,30,WhatsApp_voice
0,44,0.000391,62,0.000416,58,1.002674,54,1.003226,53,WhatsApp_voice
0,43,0.000103,43,1.002514,26,1.003159,26,1.003455,26,WhatsApp_voice
0,44,0.000664,183,0.000896,96,0.001521,54,0.001558,53,WhatsApp_voice
0,43,0.000194,43,0.000833,26,0.000899,26,0.001235,26,WhatsApp_voice
0,26,0.000155,26,0.000206,26,0.000238,26,0.000314,26,WhatsApp_voice
0,26,0.000157,26,0.000189,26,0.00026,26,0.000298,26,WhatsApp_voice
0,44,0.000177,124,0.000225,61,0.000797,55,0.001222,54,WhatsApp_voice
0,43,0.000213,43,1.000614,26,1.000765,26,1.000806,26,WhatsApp_voice
0,90,0.000112,78,0.000551,86,0.000612,67,0.000645,61,WhatsApp_voice
0,48,5.80E-05,47,0.000445,26,0.000555,26,0.000592,26,WhatsApp_voice
0,44,0.001095,64,0.00113,57,0.001357,53,0.001426,54,WhatsApp_voice
0,43,0.000138,43,0.001112,26,0.00129,26,0.001371,26,WhatsApp_voice
0,46,0.000125,63,0.001428,61,0.001496,57,1.005579,42,WhatsApp_voice
0,43,0.001117,43,1.004535,26,1.004969,26,1.004996,26,WhatsApp_voice
0,42,0.000327,50,0.000523,56,0.000665,38,0.000727,26,WhatsApp_voice
0,41,0.000329,26,0.000519,26,0.00066,26,0.000724,26,WhatsApp_voice
0,44,0.00163,58,0.001784,56,0.001819,52,0.002138,53,WhatsApp_voice
0,45,0.000302,44,0.000969,26,0.001073,26,0.00123,26,WhatsApp_voice
0,46,0.000154,143,0.001227,62,0.001261,53,0.001821,55,WhatsApp_voice
0,43,0.000127,43,0.000714,26,0.001253,26,0.001475,26,WhatsApp_voice
0,43,0.000181,43,0.000857,26,1.002793,26,1.002888,26,WhatsApp_voice
0,83,7.30E-05,88,0.000858,60,1.002664,79,1.002776,63,WhatsApp_voice
0,45,0.000716,56,0.001665,53,0.001851,58,0.002303,58,WhatsApp_voice
0,44,0.000573,41,0.001027,26,0.001146,26,0.001212,26,WhatsApp_voice
0,45,0.002765,60,0.002816,56,0.003167,52,0.003919,51,WhatsApp_voice
0,43,0.001034,43,0.001902,26,0.002042,26,0.002229,26,WhatsApp_voice
0,44,0.000163,124,0.000977,125,0.001057,108,0.001339,61,WhatsApp_voice
0,46,0.00013,44,0.000788,26,0.001064,26,0.001473,26,WhatsApp_voice
0,44,0.00117,61,0.002639,55,0.002665,54,0.00269,41,WhatsApp_voice
0,43,0.000435,43,0.001283,26,0.001676,26,0.001912,26,WhatsApp_voice
0,46,0.000358,61,0.000918,178,0.001309,63,0.001771,55,WhatsApp_voice
0,50,0.000474,70,0.000853,56,0.000966,42,0.00112,26,WhatsApp_voice
0,48,6.90E-05,127,0.000103,106,0.000208,76,1.002451,46,WhatsApp_voice
0,43,6.00E-05,43,0.000454,26,0.000592,26,0.000628,26,WhatsApp_voice
0,43,0.000509,57,1.001871,55,1.002254,55,1.002355,42,WhatsApp_voice
0,43,1.000837,43,1.00174,26,1.001847,26,1.001948,26,WhatsApp_voice
0,45,0.001002,171,0.001407,62,0.001949,54,0.002233,52,WhatsApp_voice
0,43,0.00043,43,0.00095,26,0.001166,26,0.0012,26,WhatsApp_voice
0,45,0.000678,57,0.001073,53,0.001449,55,0.001892,51,WhatsApp_voice
0,43,0.000247,43,0.000627,26,0.001305,26,0.001541,26,WhatsApp_voice
0,43,0.000487,43,0.001084,26,0.001859,26,0.00208,26,WhatsApp_voice
0,45,0.00027,42,0.000896,26,0.001507,26,0.001783,26,WhatsApp_voice
0,43,0.000217,43,0.000772,26,0.001157,26,0.001408,26,WhatsApp_voice
0,43,0.000342,43,0.000914,26,0.001125,26,0.001396,26,WhatsApp_voice
0,44,7.00E-05,58,0.000392,57,0.000778,55,0.001194,55,WhatsApp_voice
0,43,0.000128,43,0.000628,26,0.001021,26,0.00128,26,WhatsApp_voice
0,26,9.00E-05,26,0.000449,26,0.000767,26,0.001471,26,WhatsApp_voice
0,26,0.00032,26,0.00065,26,0.000727,26,0.001433,26,WhatsApp_voice
0,43,0.000257,61,0.001016,52,0.001417,53,0.001605,41,WhatsApp_voice
0,43,0.000103,43,0.001201,26,0.001537,26,0.001605,26,WhatsApp_voice
0,43,0.000149,43,0.00039,26,0.000791,26,0.000894,26,WhatsApp_voice
0,44,0.000239,93,0.000505,153,0.000971,94,0.000997,53,WhatsApp_voice
0,46,0.000266,47,0.000337,48,0.000357,68,0.001233,53,WhatsApp_voice
0,43,0.000426,43,0.000567,26,0.000842,26,0.000955,26,WhatsApp_voice
0,44,1.002407,42,1.002674,78,1.003065,67,1.003649,42,WhatsApp_voice
0,43,1.002387,43,1.002742,26,1.003087,26,1.003203,26,WhatsApp_voice
0,43,0.000236,43,0.001748,26,0.002215,26,0.002289,26,WhatsApp_voice
0,46,8.70E-05,61,0.001449,52,0.00203,53,0.002141,54,WhatsApp_voice
0,46,0.000172,57,0.000199,59,0.000224,55,1.002459,51,WhatsApp_voice
0,43,5.30E-05,43,0.001114,26,0.001249,26,0.001273,26,WhatsApp_voice
0,47,0.000253,62,0.000492,58,0.001223,53,0.001476,54,WhatsApp_voice
0,43,0.000128,43,0.000906,26,0.001199,26,1.003176,26,WhatsApp_voice
0,43,0.000204,43,1.002378,26,1.002795,26,1.00292,26,WhatsApp_voice
0,45,1.001588,60,1.002436,60,1.002624,61,1.003073,55,WhatsApp_voice
0,45,0.00092,45,0.001531,93,0.001868,61,1.004473,39,WhatsApp_voice
0,43,0.000432,43,0.000758,26,1.003399,26,1.003506,26,WhatsApp_voice
0,112,0.000147,105,0.000331,103,0.000435,111,0.001014,107,Zoom_video
0,801,9.80E-05,794,0.000283,794,0.000411,793,0.000496,793,Zoom_video
0,579,0.000351,578,0.000415,578,0.001165,578,0.00122,578,Zoom_video
0,106,5.10E-05,103,0.000666,103,0.000909,106,0.002411,108,Zoom_video
0,106,5.40E-05,112,8.30E-05,105,0.000122,104,1.002331,106,Zoom_video
0,819,0.000139,812,0.000171,812,0.00022,812,0.000257,811,Zoom_video
0,103,4.90E-05,102,1.002271,102,1.002293,101,1.002419,102,Zoom_video
0,582,2.50E-05,582,5.70E-05,582,8.20E-05,582,0.000107,581,Zoom_video
0,109,0.001967,109,0.002197,102,0.00249,102,0.002749,111,Zoom_video
0,172,0.000485,155,0.001144,140,0.001185,110,0.001262,132,Zoom_video
0,1133,0.000137,1126,0.000596,1126,0.00067,1125,0.000898,1125,Zoom_video
0,785,7.50E-05,785,0.000135,785,0.000212,785,0.000286,784,Zoom_video
0,105,0.000224,104,0.000267,112,0.000296,108,0.000548,106,Zoom_video
0,750,6.80E-05,750,0.000194,750,0.000268,750,0.000308,750,Zoom_video
0,762,0.000373,762,0.00041,762,0.000472,762,0.000662,761,Zoom_video
0,106,6.70E-05,111,0.00028,109,0.000543,107,0.000571,107,Zoom_video
0,100,0.004479,101,0.009539,101,0.013432,112,0.013964,126,Zoom_video
0,97,3.40E-05,97,6.90E-05,104,0.000151,97,0.000364,113,Zoom_video
0,466,4.90E-05,465,0.000364,1229,0.000419,532,0.000701,532,Zoom_video
0,499,2.90E-05,499,5.40E-05,498,0.00013,530,0.000168,918,Zoom_video
0,986,6.40E-05,986,0.000125,986,0.000177,986,0.00023,986,Zoom_video
0,110,23.205257,1052,23.205501,1052,23.205734,1052,23.205768,1052,Zoom_video
0,102,7.00E-05,102,0.000113,111,0.000234,101,0.000336,103,Zoom_video
0,838,0.000209,838,0.000272,838,0.000347,837,0.000413,837,Zoom_video
0,701,5.60E-05,701,0.000112,701,0.00017,701,0.000231,701,Zoom_video
0,155,6.10E-05,132,0.001051,109,0.001079,104,0.00116,103,Zoom_video
0,109,6.80E-05,103,0.000301,104,0.000367,105,0.000385,106,Zoom_video
0,746,4.50E-05,738,9.00E-05,738,0.000118,738,0.000145,738,Zoom_video
0,101,0.000782,102,0.000822,102,0.00086,103,0.002161,112,Zoom_video
0,756,5.80E-05,756,0.000118,755,0.000175,755,0.000683,755,Zoom_video
0,125,9.80E-05,103,0.000139,103,0.000179,103,0.00022,104,Zoom_video
0,716,0.000592,709,0.000675,709,0.000757,709,0.00083,740,Zoom_video
0,693,0.000275,693,0.000368,692,0.000438,692,0.000507,692,Zoom_video
0,133,0.000236,131,0.000368,139,0.000652,168,0.000873,156,Zoom_video
0,100,0.000158,101,0.000589,101,0.000659,107,0.000749,101,Zoom_video
0,636,6.20E-05,629,0.000109,629,0.000289,629,0.000341,628,Zoom_video
0,128,0.000173,114,0.000191,116,0.000255,112,0.000421,106,Zoom_video
0,782,4.40E-05,782,8.90E-05,782,0.000132,782,0.000177,781,Zoom_video
0,114,0.000301,105,0.000506,107,0.000577,104,0.000667,111,Zoom_video
0,700,0.00011,700,0.000185,700,0.000243,700,0.000308,700,Zoom_video
0,148,0.000385,137,0.000854,144,0.00111,125,0.001371,103,Zoom_video
0,655,0.000171,654,0.000246,654,0.000303,654,0.000367,654,Zoom_video
0,105,0.002834,110,0.006058,104,0.009427,101,0.011766,102,Zoom_video
0,104,1.80E-05,97,3.50E-05,97,7.00E-05,97,8.70E-05,97,Zoom_video
0,543,0.000387,543,0.000476,543,0.000602,574,0.000804,800,Zoom_video
0,405,0.000103,405,0.000393,693,0.000478,693,0.000697,480,Zoom_video
0,986,6.10E-05,986,0.000134,986,0.0003,985,0.000459,985,Zoom_video
0,1053,6.10E-05,1053,0.000223,1053,0.000283,1053,0.000544,1053,Zoom_video
0,111,7.70E-05,105,0.00013,103,0.000386,104,1.003891,103,Zoom_video
0,809,0.000136,809,0.000208,809,0.000278,809,0.000339,808,Zoom_video
0,682,0.000453,682,0.000515,682,0.000587,682,0.000661,681,Zoom_video
0,103,0.000412,102,0.00064,101,0.0011,103,0.001352,103,Zoom_video
0,104,2.20E-05,101,8.40E-05,110,0.000376,102,0.000502,102,Zoom_video
0,736,0.000208,729,0.000256,728,0.000392,728,0.000463,728,Zoom_video
0,731,9.80E-05,731,0.000143,731,0.000257,731,0.000285,731,Zoom_video
0,103,0.000248,102,0.000331,103,0.000437,102,0.000739,101,Zoom_video
0,100,0.000492,101,0.001131,101,0.002042,100,0.003983,101,Zoom_video
0,624,9.30E-05,616,0.000158,616,0.000216,616,0.000284,616,Zoom_video
0,148,0.000277,123,0.000731,101,0.001241,102,0.001279,102,Zoom_video
0,767,6.50E-05,767,0.000126,767,0.000185,767,0.000243,767,Zoom_video
0,112,0.000486,103,0.000597,107,0.001084,103,0.001359,103,Zoom_video
0,824,6.50E-05,824,0.000147,823,0.000258,823,0.000331,823,Zoom_video
0,662,7.30E-05,661,0.000141,661,0.000214,661,0.000287,661,Zoom_video
0,105,3.80E-05,106,7.60E-05,106,0.000296,111,0.000445,105,Zoom_video
0,104,3.30E-05,104,0.000391,109,0.01317,103,0.013974,107,Zoom_video
0,637,0.002824,630,0.002875,630,0.002902,629,0.002948,629,Zoom_video
0,798,0.000286,798,0.000314,798,0.000342,797,0.000375,797,Zoom_video
0,103,1.80E-05,102,6.00E-05,101,0.000283,109,0.00036,104,Zoom_video
0,101,0.000113,101,0.000215,107,0.000557,101,0.00061,101,Zoom_video
0,759,0.000241,752,0.0003,752,0.00036,751,0.000423,751,Zoom_video
0,689,5.70E-05,689,0.000115,688,0.000171,688,0.000273,688,Zoom_video
0,101,0.001673,109,0.001713,104,0.001751,105,0.002499,102,Zoom_video
0,105,4.30E-05,104,0.000124,112,0.000163,104,0.000203,105,Zoom_video
0,803,0.000116,796,0.000178,796,0.000241,796,0.000307,796,Zoom_video
0,232,4.30E-05,200,0.000357,173,0.001364,135,0.001405,120,Zoom_video
0,672,0.000249,672,0.000309,671,0.000374,671,0.000438,671,Zoom_video
0,101,0.00013,107,1.001945,101,1.002357,101,1.002402,132,Zoom_video
0,777,0.000231,769,0.000316,769,0.00042,769,0.00048,769,Zoom_video
0,868,0.000219,868,0.000282,868,0.000343,868,0.000406,867,Zoom_video
0,174,0.000119,152,0.000591,133,0.000779,117,0.000931,110,Zoom_video
0,101,0.003461,102,0.00356,109,0.003667,102,0.003928,101,Zoom_video
0,104,0.000589,97,0.000616,97,0.000639,97,0.000747,108,Zoom_video
0,420,4.50E-05,420,0.000215,1021,0.000283,428,0.000379,428,Zoom_video
0,507,4.80E-05,506,9.30E-05,506,0.000138,538,0.000192,750,Zoom_video
0,1051,9.00E-05,1051,0.00029,1050,0.00035,1050,0.000413,1050,Zoom_video
0,967,0.000132,967,0.000234,967,0.000298,966,0.000441,966,Zoom_video
0,102,5.90E-05,110,0.000102,107,0.000293,108,0.000438,103,Zoom_video
0,829,7.30E-05,822,0.000118,822,0.000186,822,0.000231,822,Zoom_video
0,697,8.90E-05,697,0.000117,697,0.000143,697,0.00017,697,Zoom_video
0,247,2.10E-05,240,0.00041,210,0.00069,181,0.000714,145,Zoom_video
0,105,4.70E-05,106,0.000135,101,0.000299,103,0.000426,103,Zoom_video
0,773,0.000138,773,0.000205,773,0.000335,772,0.000395,772,Zoom_video
0,124,0.001209,100,0.001247,101,0.001844,103,0.001884,103,Zoom_video
0,664,0.000168,664,0.000228,664,0.000284,664,0.000344,663,Zoom_video
0,112,0.002113,104,0.003324,108,0.003513,107,0.004178,106,Zoom_video
0,743,0.000157,736,0.000233,736,0.000304,735,0.000411,735,Zoom_video
0,591,6.00E-05,591,0.000126,591,0.000231,591,0.000284,591,Zoom_video
0,151,4.00E-05,159,8.10E-05,122,0.00039,107,0.000731,102,Zoom_video
0,100,0.000549,108,0.000739,101,0.000844,100,0.000902,108,Zoom_video
0,758,0.000121,750,0.000185,750,0.000247,750,0.000305,750,Zoom_video
0,604,6.60E-05,604,0.000115,604,0.000161,604,0.000282,604,Zoom_video
0,103,0.000111,107,0.000447,109,0.000477,102,0.000504,101,Zoom_video
0,102,0.000241,102,0.001181,109,0.001689,104,0.001776,101,Zoom_video
0,722,9.80E-05,722,0.000156,722,0.000246,722,0.000304,722,Zoom_video
0,655,0.00019,654,0.000244,654,0.000298,654,0.000352,654,Zoom_video
0,114,4.00E-05,103,0.000631,110,0.000687,107,0.000728,103,Zoom_video
0,108,0.002494,100,0.00482,101,0.006928,101,0.009557,107,Zoom_video
0,104,0.000101,97,0.000303,97,0.000336,97,0.000369,97,Zoom_video
0,1049,3.70E-05,1049,0.000208,1049,0.000245,1049,0.000297,1049,Zoom_video
0,529,7.00E-05,528,9.40E-05,528,0.000114,528,0.00015,560,Zoom_video
0,477,3.40E-05,477,6.80E-05,477,0.000103,508,0.00054,895,Zoom_video
0,1000,7.50E-05,1000,0.000136,1000,0.0002,1000,0.000262,1000,Zoom_video
0,105,0.000119,104,0.000241,106,0.000285,106,0.000307,107,Zoom_video
0,794,0.000473,794,0.001068,793,0.001113,793,0.00118,793,Zoom_video
0,689,3.90E-05,689,7.30E-05,688,0.000107,688,0.000174,688,Zoom_video
0,101,2.30E-05,103,0.000571,101,0.000593,102,0.000768,102,Zoom_video
0,108,8.10E-05,113,0.0001,103,0.000142,106,0.000179,105,Zoom_video
0,875,0.000487,868,0.000687,868,0.000802,868,0.000861,867,Zoom_video
0,148,7.80E-05,151,0.000205,156,0.000224,151,0.001045,152,Zoom_video
0,621,0.000123,621,0.000152,621,0.000181,621,0.00021,621,Zoom_video
0,112,0.000154,106,0.000253,106,0.000346,110,0.001343,105,Zoom_video
0,654,0.000239,647,0.000295,647,0.000351,646,0.000409,646,Zoom_video
0,758,5.90E-05,758,0.000118,758,0.000178,757,0.000244,757,Zoom_video
0,178,0.000269,152,0.000796,122,0.000858,105,0.001204,102,Zoom_video
0,101,0.000302,107,0.002759,108,0.003007,100,0.00333,101,Zoom_video
0,761,5.90E-05,754,0.000124,754,0.000293,754,0.000354,753,Zoom_video
0,663,0.000293,663,0.000349,663,0.000404,663,0.000459,662,Zoom_video
0,213,0.000516,234,0.000715,186,0.000997,162,0.001233,135,Zoom_video
0,101,0.00017,110,0.000318,102,0.000917,102,0.001046,102,Zoom_video
0,776,0.000181,769,0.000244,768,0.000449,768,0.000587,768,Zoom_video
0,884,0.000391,884,0.000557,883,0.00067,883,0.000886,883,Zoom_video
0,121,0.000646,105,0.000672,106,0.00074,105,0.000766,103,Zoom_video
0,105,0.00197,107,0.005633,102,0.008171,113,0.010103,105,Zoom_video
0,104,0.000472,97,0.000495,97,0.00052,97,0.000998,113,Zoom_video
0,1048,6.40E-05,1048,0.000137,1048,0.0002,1048,0.000372,1048,Zoom_video
0,557,4.40E-05,557,6.90E-05,556,9.50E-05,588,0.000203,456,Zoom_video
0,516,9.50E-05,516,0.00012,515,0.000145,547,0.99972,843,Zoom_video
0,987,6.80E-05,987,0.000141,987,0.000242,987,0.00032,986,Zoom_video
0,104,0.001667,113,0.003066,103,0.004454,105,0.00576,110,Zoom_video
0,97,0.000211,97,0.000327,97,0.000457,97,0.000496,130,Zoom_video
0,543,0.000149,543,0.000199,543,0.000332,574,1.000083,802,Zoom_video
0,445,0.000561,445,0.000939,1100,0.000996,485,0.001027,484,Zoom_video
0,1066,0.000301,1066,0.000363,1066,0.000441,1066,0.000549,1066,Zoom_video
0,969,0.000265,969,0.000327,968,0.000386,968,0.000644,968,Zoom_video
0,101,0.000111,101,0.000149,107,0.000224,101,0.000298,101,Zoom_video
0,1022,0.000198,1015,0.000263,1014,0.000334,1014,0.000435,1014,Zoom_video
0,594,1.000517,593,1.000595,593,1.000651,593,1.000709,593,Zoom_video
0,120,0.001028,103,0.001081,103,0.001973,102,0.002024,103,Zoom_video
0,104,4.40E-05,102,9.10E-05,113,0.000225,104,0.000365,107,Zoom_video
0,839,4.80E-05,839,0.000118,839,0.000213,839,0.000242,838,Zoom_video
0,186,1.90E-05,154,0.000875,124,0.00157,103,0.001612,106,Zoom_video
0,594,0.000321,594,0.000363,594,0.000391,593,0.000415,593,Zoom_video
0,104,0.002575,107,0.002892,102,0.003226,111,0.003271,106,Zoom_video
0,706,0.000169,699,0.000203,698,0.000237,698,0.00027,698,Zoom_video
0,739,6.80E-05,739,9.60E-05,739,0.000174,739,0.000237,739,Zoom_video
0,103,0.000549,107,0.000573,104,0.000632,105,0.001218,103,Zoom_video
0,101,0.000208,101,0.000307,107,0.000511,101,0.000555,101,Zoom_video
0,787,7.20E-05,787,0.000131,786,0.000232,786,0.00037,786,Zoom_video
0,595,5.90E-05,594,0.000161,594,0.00023,594,0.000285,594,Zoom_video
0,133,4.20E-05,117,8.00E-05,101,0.000515,102,0.000554,102,Zoom_video
0,105,0.000514,107,0.000555,104,0.000578,101,0.000596,103,Zoom_video
0,771,4.70E-05,770,9.30E-05,770,0.000129,770,0.000157,770,Zoom_video
0,742,9.20E-05,742,0.000119,742,0.000153,741,0.00018,741,Zoom_video
0,184,1.90E-05,152,5.20E-05,130,0.000132,107,0.000263,103,Zoom_video
0,107,0.000381,115,0.000531,105,0.000865,105,0.000921,115,Zoom_video
0,756,0.000116,749,0.000177,749,0.000287,748,0.000346,748,Zoom_video
0,204,0.001585,166,0.001636,145,0.002076,122,0.002114,104,Zoom_video
0,685,0.000188,685,0.000315,684,0.000378,684,0.00044,684,Zoom_video
0,105,0.000142,106,0.000183,104,0.000221,106,0.000297,110,Zoom_video
0,695,0.000135,688,0.000284,688,0.000619,688,0.000691,688,Zoom_video
0,101,0.000645,100,0.000777,101,0.001014,101,0.001374,100,Zoom_video
0,781,6.10E-05,781,0.000119,780,0.000178,780,0.000238,780,Zoom_video
0,101,0.000349,107,0.000915,101,0.001235,101,0.001571,107,Zoom_voice
0,155,7.40E-05,126,0.000112,107,0.000188,104,0.000226,104,Zoom_voice
0,110,9.90E-05,104,0.000573,104,0.000846,112,0.001084,103,Zoom_voice
0,179,3.60E-05,197,7.60E-05,199,0.00015,195,0.000201,175,Zoom_voice
0,106,0.000809,111,0.000967,106,0.001682,105,0.00183,112,Zoom_voice
0,103,0.000189,104,0.000232,102,0.00027,102,0.000348,103,Zoom_voice
0,104,0.000215,106,0.000521,102,0.00086,106,0.001336,105,Zoom_voice
0,102,4.00E-05,103,0.000409,102,0.001038,101,0.001246,100,Zoom_voice
0,107,8.80E-05,103,0.000143,107,0.000185,112,0.000266,102,Zoom_voice
0,118,8.20E-05,105,0.000112,113,0.000412,103,0.00045,103,Zoom_voice
0,102,0.000519,104,0.000597,110,0.000785,103,0.000859,106,Zoom_voice
0,98,3.30E-05,97,6.50E-05,97,0.000343,97,0.000379,121,Zoom_voice
0,112,0.000234,107,0.00038,105,0.000499,111,0.001093,106,Zoom_voice
0,170,4.60E-05,140,9.20E-05,107,0.000535,125,0.000574,107,Zoom_voice
0,103,9.90E-05,105,0.000143,114,0.000183,104,0.000221,105,Zoom_voice
0,103,0.000125,102,0.000209,101,0.000239,101,0.000404,101,Zoom_voice
0,111,0.000155,105,0.000369,102,0.001133,104,0.001578,112,Zoom_voice
0,103,1.001138,103,1.001418,106,1.001459,107,1.001499,103,Zoom_voice
0,108,0.000114,106,0.000169,112,1.002906,105,1.003202,106,Zoom_voice
0,122,3.80E-05,101,0.000355,103,0.000383,105,0.000419,107,Zoom_voice
0,167,4.40E-05,168,0.000121,138,0.000152,113,0.000217,102,Zoom_voice
0,109,0.000121,105,0.000195,113,0.000233,108,0.000271,108,Zoom_voice
0,103,0.002336,114,0.005292,106,0.007751,106,0.009275,112,Zoom_voice
0,168,7.70E-05,141,0.000121,124,0.000201,103,0.00024,102,Zoom_voice
0,104,4.40E-05,107,0.000569,106,0.000607,111,0.000645,101,Zoom_voice
0,105,7.60E-05,104,0.000151,106,0.000516,110,1.001894,104,Zoom_voice
0,104,4.30E-05,108,0.001602,109,0.001643,102,0.001935,104,Zoom_voice
0,121,1.00075,101,1.000773,106,1.000798,106,1.000856,107,Zoom_voice
0,103,0.00024,109,0.000811,103,0.002647,109,0.002684,103,Zoom_voice
0,102,0.00035,102,0.000383,100,0.00041,101,0.000669,102,Zoom_voice
0,212,6.00E-05,178,0.000105,149,0.000836,136,0.000912,182,Zoom_voice
0,283,0.000163,281,0.00025,273,0.000365,286,1.000625,279,Zoom_voice
0,107,5.80E-05,101,0.000183,101,0.00021,100,0.000351,108,Zoom_voice
0,101,0.000141,104,0.000379,104,0.000421,102,0.000469,101,Zoom_voice
0,109,7.20E-05,108,0.000216,103,0.000316,105,0.000646,106,Zoom_voice
0,144,3.80E-05,110,0.000114,110,0.000154,108,0.000512,109,Zoom_voice
0,105,0.000166,107,0.00053,109,0.000751,103,0.000991,107,Zoom_voice
0,169,4.40E-05,143,0.000944,116,0.001328,129,0.001713,132,Zoom_voice
0,113,0.000537,104,0.000862,107,0.001624,115,0.001973,104,Zoom_voice
0,208,8.30E-05,176,0.000187,150,0.000608,127,0.000824,104,Zoom_voice
0,102,0.003661,104,0.007512,101,0.009894,110,0.01283,102,Zoom_voice
0,109,0.007139,102,0.012692,111,0.012719,101,0.016476,103,Zoom_voice
0,114,0.001315,102,0.00243,103,0.003655,111,0.004992,105,Zoom_voice
0,97,2.40E-05,97,4.80E-05,97,9.70E-05,104,0.000122,97,Zoom_voice
0,102,0.000183,104,0.000198,108,0.000214,103,0.000345,102,Zoom_voice
0,102,6.00E-05,100,7.90E-05,103,0.000114,101,0.000129,105,Zoom_voice
0,227,5.50E-05,217,0.000289,222,0.000386,221,0.000437,229,Zoom_voice
0,208,8.50E-05,194,0.000201,170,0.000284,151,0.000367,124,Zoom_voice
0,106,5.20E-05,104,0.000116,106,0.000174,110,0.000256,104,Zoom_voice
0,101,8.10E-05,100,0.000193,101,0.000211,101,0.000375,100,Zoom_voice
0,107,5.20E-05,101,0.000393,101,0.000458,107,0.000501,101,Zoom_voice
0,104,4.70E-05,102,8.90E-05,104,0.000571,105,0.000714,107,Zoom_voice
0,108,0.000671,102,0.001474,108,0.003281,110,0.003937,105,Zoom_voice
0,104,0.000177,97,0.001271,97,0.001342,97,0.001533,110,Zoom_voice
0,113,0.00251,111,0.002619,103,0.002658,105,0.002791,110,Zoom_voice
0,114,0.000287,104,0.000692,108,1.002039,106,1.002394,136,Zoom_voice
0,108,9.90E-05,101,0.00014,100,0.000182,108,0.00028,101,Zoom_voice
0,195,7.90E-05,159,0.000134,130,0.000319,103,0.000394,102,Zoom_voice
0,104,0.00086,104,0.000958,111,0.001285,102,0.001759,106,Zoom_voice
0,97,3.50E-05,97,0.000124,97,0.000189,115,0.000213,130,Zoom_voice
0,101,0.000232,100,0.000343,108,0.000665,101,0.000749,100,Zoom_voice
0,97,4.00E-05,97,0.00013,104,0.000167,97,0.00042,107,Zoom_voice
0,113,0.000673,106,0.001481,105,0.001587,112,0.002135,104,Zoom_voice
0,106,3.70E-05,107,7.50E-05,106,0.000111,101,0.000148,103,Zoom_voice
0,101,5.60E-05,108,7.60E-05,100,0.000136,101,0.000156,108,Zoom_voice
0,179,6.50E-05,152,8.80E-05,127,0.000109,101,0.000131,102,Zoom_voice
0,104,2.40E-05,110,0.001535,113,0.00186,104,0.002055,103,Zoom_voice
0,142,5.20E-05,128,1.002025,107,1.002106,105,1.002149,101,Zoom_voice
0,109,0.000155,103,0.000183,102,0.000204,110,0.001381,102,Zoom_voice
0,141,4.90E-05,142,7.00E-05,120,0.000242,101,0.000344,101,Zoom_voice
0,102,6.80E-05,102,0.000205,102,0.00025,109,0.001006,104,Zoom_voice
0,106,7.00E-05,111,9.90E-05,107,1.002389,107,1.00243,101,Zoom_voice
0,110,0.000208,107,0.000393,106,0.000614,104,0.000683,112,Zoom_voice
0,97,8.50E-05,97,0.000119,97,0.000277,104,0.000386,97,Zoom_voice
0,103,0.000284,113,0.000363,104,0.000866,103,0.001843,113,Zoom_voice
0,97,0.000114,97,0.000196,97,0.000341,104,0.000453,111,Zoom_voice
0,107,0.000195,107,0.000394,104,0.000425,110,0.00045,105,Zoom_voice
0,97,8.60E-05,97,0.000126,97,0.000197,97,0.000304,97,Zoom_voice
0,101,0.00014,101,0.000178,100,0.000295,101,0.000415,108,Zoom_voice
0,156,4.60E-05,122,9.00E-05,100,0.000176,101,0.000214,102,Zoom_voice
